Protein,A0,A1,A2,B0,B2,C0,C2,C3,D0,D2,D3,E0,E1,E2,F0,F1,F2
Positive Control,195633.69,195633.69,195633.69,195633.69,195633.69,195633.69,195633.69,195633.69,195633.69,195633.69,195633.69,195633.69,195633.69,195633.69,195633.69,195633.69,195633.69
Neg,1.0,327.87,1.17,0.93,1.07,0.87,5.71,1.16,415.89,0.96,1.13,0.88,1.13,1.1,526.73,662.16,741.6
6Ckine,8233.25,6540.51,20822.6,16600.08,21537.71,9805.66,5950.75,7129.84,10829.15,3668.28,10575.79,6838.24,24272.03,5894.19,33423.6,35845.19,55870.57
Activin A,5211.5,2847.08,14941.87,4769.22,17488.72,6283.21,626.49,6104.79,4110.16,0.96,7468.3,819.38,10458.75,1095.93,42979.06,51629.06,78765.04
Activin B,4331.0,4669.5,14833.11,4933.58,14528.96,4628.24,678.29,3196.08,0.93,0.96,3230.71,463.99,26545.27,359.06,37984.97,49957.32,80244.06
Activin C,7318.5,12630.59,13884.07,12736.58,11672.55,6118.81,5224.78,6066.51,3247.86,4275.24,5380.66,7601.33,12059.67,3964.23,51897.05,65090.88,103483.69
Activin RIA / ALK-2,7734.75,11560.72,26955.94,8405.88,19072.62,7051.89,7270.77,9719.58,4575.87,5256.6,8703.0,9660.38,13795.78,5643.6,39796.36,43796.39,73852.86
Activin RIB / ALK-4,5376.0,10905.57,18091.86,7626.05,14271.1,4191.87,4638.13,7899.43,4316.85,2677.29,6653.99,7169.13,9500.79,4130.1,42012.99,42730.4,70282.24
Activin RII A/B,13104.75,26469.02,13861.85,11152.67,2677.93,13952.93,18013.77,8506.05,6601.29,13159.91,4556.77,26747.71,19926.52,11216.81,67971.96,68411.07,77568.45
Activin RIIA,21467.5,32326.07,87686.19,10600.14,94786.64,16324.99,16998.72,126475.51,12257.13,13174.83,84051.39,15408.62,65746.6,62069.34,65195.28,72483.34,119452.5
Adiponectin / Acrp30,26745.25,55999.77,95903.25,44026.21,105929.63,36717.45,42522.06,88900.31,33912.17,58172.14,133783.08,2194.8,99523.09,31640.73,77896.67,99986.98,112962.15
AgRP,3589.5,4586.89,13078.59,5289.58,10105.97,3880.55,3490.08,6559.18,6208.91,9989.53,24427.39,1038.35,16643.96,4640.67,22036.24,22568.12,31661.2
ALCAM,6386.0,4409.0,14203.93,1323.74,11527.37,1340.81,307.15,5248.5,757.66,0.96,3139.92,596.88,10895.11,1.1,45619.12,34852.36,74971.33
Angiogenin,6430.5,7079.04,32274.15,2990.88,16930.38,3243.92,7030.23,10312.0,3641.87,4664.8,8662.96,3363.39,16033.74,2006.4,37868.86,38436.6,72716.74
Angiopoietin-1,23937.25,41161.4,51232.02,20478.27,53853.2,20698.75,30501.05,45983.53,19971.32,28296.72,51211.7,30865.14,78180.81,38965.34,60108.29,66187.12,95847.07
Angiopoietin-2,25633.75,28655.88,129289.58,27522.41,153793.52,52596.23,40797.81,232097.95,29470.12,12580.87,120511.75,19969.73,349310.37,91193.09,118013.12,112338.67,139353.62
Angiopoietin-4,807.5,0.85,7991.94,1889.32,7581.21,4399.56,0.87,423.94,0.93,0.96,1.13,399.09,14942.56,1.1,25992.65,29168.44,54213.9
Angiopoietin-like 1,73454.5,188762.33,196703.12,86508.6,189580.48,101180.51,139257.84,210321.02,82035.64,93815.29,149697.8,112531.15,249864.89,104463.78,36076.43,41732.67,49848.93
Angiopoietin-like 2,852.0,0.85,6366.07,1216.03,6257.29,1441.16,0.87,215.74,0.93,0.96,1.13,92.71,22088.27,991.89,16715.86,18707.17,47347.21
Angiopoietin-like Factor,11423.25,21398.32,13592.58,8039.16,4159.27,7075.94,14319.07,6660.38,5362.49,10597.46,4604.42,17811.13,22236.45,14692.28,43136.2,49530.18,65658.5
Angiostatin,27895.0,26466.69,148578.41,31572.18,137288.54,53328.61,36766.35,146053.57,43408.64,20055.14,123457.39,19976.57,157070.06,85632.29,88164.69,88149.9,143168.36
APJ,4012.5,9130.05,17982.52,1248.67,8345.99,2337.08,477.16,1649.94,0.93,0.96,1.13,0.88,8832.43,1.1,14369.96,15361.23,27549.0
APRIL,16428.0,41701.41,108197.12,17367.79,95441.14,34932.4,18812.01,145672.55,16321.74,12622.04,80228.01,14567.39,113373.91,78708.13,104199.35,115787.61,149575.72
AR (Amphiregulin),376.0,803.25,11866.13,832.75,8465.86,0.87,0.87,306.5,0.93,0.96,1.13,0.88,16992.54,1.1,29953.32,33323.68,56922.56
Artemin,6804.25,11813.4,25988.2,7573.83,14803.33,2582.59,1929.09,6794.92,3166.58,1382.22,7471.12,1645.38,7297.56,1898.77,52221.79,54260.52,69530.71
Axl,2904.5,1711.08,19428.58,8655.1,21514.8,1530.58,0.87,2746.04,8451.77,0.96,6761.7,646.54,16123.21,1363.08,22947.35,25138.27,22762.64
B7-1 / CD80,6390.5,8265.96,26246.94,11355.5,31222.79,3705.65,2239.29,8860.4,2454.23,1257.27,7235.68,443.24,13567.44,3111.44,51433.76,54771.85,40020.44
BAFF R / TNFRSF13C,1818.5,861.35,4071.55,1398.34,4939.5,1152.8,1561.64,638.23,757.66,0.96,1.13,773.47,1.13,1.1,47652.68,12076.6,13851.31
BCMA / TNFRSF17,5163.0,6872.84,18466.97,7623.25,16584.62,7053.64,5615.74,7020.23,7370.39,5295.36,12598.01,6167.2,14425.76,2847.05,51748.43,54144.85,78507.02
BD-1,17745.0,25428.72,31990.85,17295.05,19015.35,11826.17,12883.24,10534.12,12192.43,15121.89,17093.88,23882.31,43195.44,15792.08,61244.67,58978.6,91073.1
BDNF,33385.75,61125.82,163551.56,27789.35,175176.19,119402.93,63061.37,242632.35,57158.43,33982.84,139363.09,29467.64,579177.33,143356.54,215646.96,239804.36,258610.07
beta-Catenin,1989.5,3238.35,9364.91,1393.44,8131.28,2115.61,0.87,1.16,0.93,0.96,1.13,0.88,3682.51,1.1,26923.12,30957.08,75078.74
Bax,3458.5,9996.26,10517.14,6286.46,5135.56,3131.33,9497.0,2521.31,2044.1,4109.6,3675.08,11330.92,14124.04,3949.05,74181.78,69593.55,91433.65
beta-NGF,3207.25,7549.96,21319.63,11886.57,22246.82,7179.35,2977.44,6534.82,8308.83,2462.29,10350.78,4297.11,15504.8,2042.28,42131.42,46578.68,69870.61
BIK,2042.75,481.7,19031.54,5020.08,14943.71,5509.29,8644.77,13609.27,3057.28,0.96,1.13,535.73,1.13,1.1,37228.68,46433.58,61151.95
BLC / BCA-1 / CXCL13,6768.0,17681.01,11122.34,9889.55,5122.51,6772.05,9934.1,2510.29,5295.0,7536.87,2094.41,7767.77,2495.65,994.65,50021.8,59227.93,51463.17
BMP-2,4371.25,6160.44,13437.33,7369.37,20101.38,6493.75,3726.48,7228.43,3388.93,4697.06,10409.43,4317.86,39725.46,3336.09,32139.76,37692.28,32660.99
BMP-3,15611.0,33867.08,56229.21,20366.83,57054.56,23072.56,24451.04,51079.21,17720.99,20677.76,34541.05,34703.11,61673.74,32284.32,101273.26,96675.38,227811.94
BMP-3b / GDF-10,1.0,0.85,2851.19,1054.7,7091.6,0.87,0.87,762.05,0.93,0.96,1.13,0.88,8570.78,1.1,24975.49,26590.93,40162.41
BMP-4,510.25,0.85,14976.37,2061.37,16783.61,0.87,0.87,3072.55,0.93,0.96,1.13,0.88,17210.15,335.6,27172.76,30066.85,44227.66
BMP-5,5016.75,34241.45,11383.14,11289.05,5583.08,6597.16,19841.21,6598.32,4346.98,20152.89,9297.09,19410.16,12359.98,9037.09,46160.99,42954.39,51718.93
BMP-6,9625.0,6388.61,24933.62,14229.81,32287.78,10370.15,14307.75,12781.98,14910.11,2694.39,16763.98,8739.46,36307.99,9110.51,15831.84,12881.0,22039.65
BMP-7,2580.5,4682.81,13172.74,3401.89,8106.51,3901.76,4568.69,2946.7,2406.58,1389.45,888.18,1328.4,2837.17,607.99,73844.27,51087.07,130939.55
BMP-8,10015.25,15626.62,10652.8,7167.01,4223.74,6598.03,13971.87,5277.79,12044.36,17199.2,12808.63,7059.42,19501.17,6779.82,31306.44,32016.53,34926.48
BMP-15,2873.5,1963.55,11027.62,4396.68,9047.1,6452.43,790.62,5214.28,1516.26,0.96,1966.96,46.13,8073.46,1128.22,56554.41,61408.55,99879.65
BMPR-IA / ALK-3,430.0,0.85,5134.02,686.81,4147.82,138.61,0.87,1.16,0.93,0.96,1.13,0.88,4218.78,1.1,13657.02,15691.49,39414.26
BMPR-IB / ALK-6,724.75,545.5,1.17,857.93,1.07,1564.9,1025.28,144.7,110.24,0.96,365.7,309.47,73.1,1.1,61731.58,75804.75,105250.78
BMPR-II,1676.75,505.99,10853.36,3425.21,10467.44,8205.34,1030.94,8631.61,4013.93,0.96,1.13,3637.1,26708.97,6562.35,38555.87,49277.99,72106.8
BTC,11021.0,20756.48,18414.93,8254.81,15837.69,11030.39,12830.35,5769.0,7304.53,14952.39,9024.72,15475.5,19411.13,6706.96,24152.23,26653.06,40769.72
Cardiotrophin-1 / CT-1,689.25,0.85,7611.27,2232.73,7233.84,1135.53,505.02,1136.11,121.22,0.96,1.13,253.41,28281.67,1.1,27501.37,54890.8,42690.05
CCL14 / HCC-1 / HCC-3,3318.0,8675.61,20006.89,2500.36,16074.23,9288.84,1874.45,5905.0,2200.58,249.67,7850.64,333.54,13493.49,1.1,41577.94,50923.17,36204.94
CCL28/ VIC,11322.5,5567.4,22905.15,12419.75,27441.25,10803.46,12019.05,11172.06,11359.8,8307.55,4653.76,11574.62,25124.14,6123.53,55752.06,66000.73,63759.21
CCR1,2039.5,4115.55,8148.36,3435.23,8013.54,7566.97,1662.0,2082.87,1143.27,0.96,4752.17,3017.49,30302.85,3467.46,35277.95,38024.18,79288.22
CCR2,3443.25,3601.32,9044.47,4111.55,8652.32,3597.65,2340.73,5645.76,2360.1,403.28,9657.72,6604.7,40113.84,10366.51,67389.07,78749.31,77465.92
CCR3,8118.25,16779.73,15783.89,9285.73,10624.61,9008.56,11704.5,5097.13,8316.07,11672.23,7012.65,7941.05,10283.47,3906.0,52145.54,57278.24,61326.96
CCR4,9414.5,10814.3,22297.02,14243.56,17940.77,11722.98,12307.26,8365.41,11324.3,8143.11,11491.6,12956.88,15077.76,6546.89,35382.45,30606.38,33187.55
CCR5,4831.25,7898.13,18587.14,8164.36,11728.23,6887.05,9577.75,5480.77,6006.41,2936.35,5123.79,4692.45,9054.28,2523.6,40191.15,34650.45,38491.09
CCR6,13438.5,9885.77,23327.63,7521.61,19233.78,4218.54,4664.69,8924.77,8521.6,3018.21,11899.87,8099.54,12907.83,7419.28,32162.98,28060.35,39402.24
CCR7,52763.0,124264.21,189972.76,45360.43,193556.22,124133.27,57160.69,221955.87,94881.1,58473.09,171303.33,55498.84,267985.87,119790.27,97210.02,108369.81,105058.49
CCR8,13177.0,24259.76,54667.37,14945.76,57573.21,20374.53,9514.41,57504.13,26743.33,11750.72,45675.96,7395.61,82576.84,37815.59,40104.45,46172.8,64208.02
CCR9,24247.0,68832.13,101108.32,26514.81,101518.89,57324.82,23028.28,112385.17,48502.31,22733.4,86428.04,30938.86,184925.25,55342.51,27615.55,36995.38,47485.8
CD14,5135.0,4940.56,18262.61,5057.61,10400.58,10503.72,2442.17,3019.19,10607.51,1931.89,6008.02,5196.39,17264.91,1993.71,48731.77,56966.78,84553.07
CD27 / TNFRSF7,4876.0,6434.45,15870.44,3304.44,5630.5,4139.18,1342.66,644.61,1857.25,1261.12,1573.34,884.06,1601.76,1.1,66877.39,73614.73,119671.09
CD30 / TNFRSF8,15586.25,20675.35,20236.11,14779.3,11255.4,8001.81,15721.81,7797.07,12855.5,20149.04,10621.18,17583.77,15739.92,5856.93,36326.47,43064.75,47690.86
CD30 Ligand / TNFSF8,2103.0,1622.77,9371.63,3540.61,8248.49,2060.74,1302.17,1408.98,1849.08,2448.57,1.13,1395.95,3789.2,303.58,43981.13,54703.59,55698.93
CD40 / TNFRSF5,2040.0,4256.68,14329.94,3233.8,10629.14,7475.8,1592.34,6292.69,1753.32,609.37,10612.44,7899.33,35966.47,9987.86,37324.28,44237.01,27289.86
CD40 Ligand / TNFSF5 /CD154,33536.5,57030.35,127493.85,33743.83,92827.41,49709.32,29914.19,64176.69,24521.73,27499.32,72185.35,38185.69,180835.17,47702.99,88119.4,149215.1,79588.68
CD 163,16769.75,21247.68,16093.51,19182.97,15301.46,15055.23,20476.18,6842.19,11740.26,14110.92,6850.8,23733.31,29460.34,20487.94,12150.24,16027.48,18125.38
Cerberus 1,1468.0,419.58,4539.63,2482.18,4718.14,2781.97,1144.13,11.31,649.29,0.96,1111.21,3459.41,17926.5,1008.45,21840.39,26308.08,28435.37
Chem R23,4810.25,6374.24,9895.56,2019.87,4031.14,3058.75,1791.08,1.16,754.39,0.96,1.13,773.91,21125.8,1.1,20803.87,25362.26,27897.54
Chordin-Like 1,5346.0,15730.78,10974.7,9606.76,1513.31,8130.79,11112.63,1407.24,5932.14,8337.41,2406.25,11331.37,6059.33,1282.22,54193.8,52614.94,44936.0
Chordin-Like 2,23136.5,42060.99,24300.93,28528.39,19856.05,26852.32,38506.72,14937.06,29134.5,35209.53,17422.36,28925.07,17944.85,6691.78,55015.89,44028.15,44626.15
CLC,17783.25,32740.16,28388.85,18449.07,20608.57,17777.74,23366.77,17819.67,19335.11,23537.79,16633.15,27904.16,32537.42,15606.89,44383.66,31064.58,10427.17
CNTF,41681.5,100643.33,139403.25,37673.07,150530.88,63783.8,49220.11,165610.47,71444.25,40943.08,137388.8,35760.0,189030.57,67142.48,119303.15,116939.02,165922.74
CNTF R alpha,6837.75,12096.71,22435.02,8639.72,11707.18,7596.7,6890.05,7913.35,5201.34,7947.61,7768.87,6015.33,9946.18,12076.23,45300.19,46548.02,46590.42
Coagulation Factor III / Tissue Factor,3681.75,4526.68,18410.84,12553.8,19778.79,13365.06,2552.09,14305.21,8867.73,7333.42,11561.24,1870.75,19082.6,2915.77,43712.52,55387.41,143375.68
CRIM 1,7847.0,6686.5,18807.88,10078.15,13413.62,8322.96,2429.98,8001.79,5823.54,761.78,8117.37,4485.18,17757.43,4828.06,33432.5,44823.55,89520.08
Cripto-1,5902.5,19295.96,23317.1,12901.17,20226.05,11888.26,7258.58,9610.55,7588.77,10082.7,17558.26,14496.09,22108.31,7340.9,25979.1,35006.87,50647.04
CRTH-2,2852.0,12675.17,9636.81,8839.28,14471.68,16812.3,12065.63,15263.28,9831.86,10760.45,10155.38,9131.71,14809.9,4263.95,90084.06,103389.32,119340.58
Cryptic,11854.5,24282.79,20262.13,11975.4,15329.17,11495.18,16273.41,10733.33,30172.43,28841.09,31838.73,15836.19,21905.94,9415.74,44436.3,56704.78,69391.37
Csk,1332.5,0.85,9081.02,4409.96,16344.08,2020.07,2609.13,2999.47,1339.92,0.96,1.13,801.5,15842.94,2418.72,24770.35,26629.35,61362.27
CTACK / CCL27,2291.0,8561.1,36193.67,6547.34,30218.27,23416.67,8255.12,35204.97,5266.73,5656.99,64940.65,4371.5,150902.07,24703.87,71446.5,78083.06,165647.82
CTGF / CCN2,729.75,0.85,4847.79,2070.93,6041.52,1344.97,0.87,1.16,248.97,0.96,1.13,181.01,8666.18,1.1,16153.87,20449.62,54026.86
CTLA-4 /CD152,16841.75,29243.85,22910.12,21878.93,19212.73,19206.43,25201.17,12937.41,21713.43,28666.06,13865.42,26400.93,16796.66,10033.95,38219.52,44599.97,46848.82
CV-2 / Crossveinless-2,8076.0,11794.38,11665.57,13970.33,12628.06,9395.53,9378.58,3858.95,7486.7,9288.43,4146.23,13408.51,14988.29,4329.91,66333.2,65340.62,97563.08
CXCL14 / BRAK,18284.0,44750.25,105443.87,29844.66,74409.02,43319.85,49492.43,94568.69,36755.27,38804.62,95849.2,21690.38,111064.27,88037.77,61075.92,54699.51,102640.89
CXCL16,688.75,94.86,12748.51,3818.27,10699.99,2059.86,1781.5,2922.63,751.82,0.96,1600.97,652.06,3938.22,1.1,38731.97,25630.8,78015.39
CXCR1 / IL-8 RA,43974.0,105958.05,88531.72,47094.95,108230.36,69228.16,86139.28,104690.47,71344.99,88854.35,74994.53,57713.95,88025.95,45578.75,49339.43,46759.34,69421.04
CXCR2 / IL-8 RB,26168.75,107958.78,139325.19,42760.06,175393.56,49859.95,42771.96,162470.07,63699.23,42063.36,135221.65,47710.76,211966.99,78129.67,68860.63,73258.3,120867.68
CXCR3,4706.0,6683.33,20163.89,10857.05,19629.09,5579.47,2534.46,6574.25,6302.33,168.78,6230.77,2001.21,16910.4,2706.85,35168.42,42565.27,71766.9
CXCR4 (fusin),13570.25,38392.07,23543.98,18800.4,26854.41,18112.88,16434.49,19726.24,19740.33,14603.77,21337.67,18720.35,35906.35,12918.26,29031.76,37867.22,43770.58
CXCR5 /BLR-1,11868.5,15570.42,26608.61,12772.25,28162.87,14438.93,10520.97,20632.4,13533.76,15911.11,19639.14,20925.3,38639.37,13471.88,37022.77,46627.32,67912.34
CXCR6,16421.5,32168.46,32588.45,20648.45,33213.19,20865.78,25447.58,23957.52,21613.93,26581.76,23288.84,40554.87,38414.13,13435.17,36942.26,48462.15,66056.24
D6,8187.75,7300.45,54964.71,8718.28,49631.32,11238.73,10972.44,34544.41,7666.78,3304.72,12997.83,6785.05,33273.25,15311.04,66050.65,84146.3,159212.29
DAN,1253.75,1201.92,2617.59,1341.69,2476.28,4616.87,0.87,1.16,4337.64,0.96,1.13,9250.47,20648.23,1.1,51440.34,59918.29,120148.83
DANCE,419.5,0.85,4889.31,1911.47,4407.54,4721.81,0.87,1.16,1039.33,0.96,905.09,6805.8,15214.93,1.1,33789.36,40674.85,91676.28
DcR3 / TNFRSF6B,10089.25,18150.24,21766.66,13869.15,15267.1,10291.44,13028.65,8371.21,11125.31,13324.83,8742.48,11883.21,8584.33,4517.58,30435.2,35121.31,72102.29
Decorin,7084.25,4866.4,19838.48,5981.75,13673.61,8929.2,1627.17,5258.07,4069.05,401.59,4120.29,2412.89,18026.98,3436.55,47218.79,52664.4,92399.26
Dkk-1,3268.75,2058.41,13789.05,2237.15,11112.35,2308.44,966.5,1638.63,188.48,0.96,1.13,87.85,9345.28,1.1,41152.19,43881.82,64899.08
Dkk-3,2892.5,3384.98,17299.25,7858.02,18493.77,4654.91,3850.56,6160.17,5412.47,3232.49,3825.08,8021.62,19055.22,3200.31,61770.28,64205.96,100639.81
Dkk-4,16518.5,33440.73,17993.92,19475.56,22179.15,18851.39,22259.43,9401.19,24880.01,25152.11,17343.41,25322.85,25977.38,10349.4,43551.12,42761.06,61341.99
DR3 / TNFRSF25,710.5,0.85,3359.33,2640.48,5492.24,1818.94,146.06,1.16,232.39,0.96,1.13,0.88,1.13,1.1,21336.07,13194.91,60278.35
DR6 / TNFRSF21,1.0,0.85,8304.48,1193.65,12115.28,800.81,0.87,550.37,0.93,0.96,1.13,0.88,18621.12,757.85,33335.35,22515.8,75011.52
Dtk,7239.0,8596.17,15736.82,13383.06,19890.14,6266.6,1884.25,3667.86,7087.09,3493.48,6975.71,4545.66,10133.03,2242.65,37576.63,37740.92,69722.25
EDA-A2,3890.0,5750.15,18792.09,9610.72,12524.17,4842.71,2604.12,6204.25,3028.55,4543.45,12711.92,4064.67,27311.01,8841.15,35317.04,42027.78,48746.99
EDAR,3870.5,1843.33,14034.35,7126.68,13143.24,7027.19,1759.52,3490.98,3808.87,0.96,2160.67,266.43,7739.56,1039.08,56249.03,69159.88,119068.29
EDG-1,13088.0,30518.44,52537.74,31346.04,54590.01,23840.36,21204.33,27811.25,29427.38,21446.75,30235.79,24401.93,52765.95,16883.59,45950.44,58402.68,112463.38
EGF,5413.25,8653.64,13043.51,8375.11,11288.7,6288.02,7087.92,3503.74,3964.41,4021.48,3884.86,7372.65,3771.13,1289.67,61002.38,72158.8,161954.39
EGF R / ErbB1,5343.25,1133.04,9681.54,5863.32,21458.06,5486.12,5474.46,6612.53,5244.55,62.12,6803.71,4999.94,44281.82,2664.9,37396.27,46705.39,90958.92
EG-VEGF / PK1,29924.0,83138.73,75118.37,42442.76,70157.58,43695.66,58626.99,30378.67,46277.66,77293.84,86661.22,43602.83,43065.04,13043.28,59853.23,73586.52,152256.59
EMAP-II,14250.0,18650.96,31788.82,20196.17,27478.01,21638.39,11781.78,23013.08,15432.12,9005.77,15182.46,19815.87,36430.77,12805.93,50630.24,54339.0,97062.44
ENA-78,3861.0,4633.79,15960.78,3180.18,10913.37,8142.16,1139.34,1640.95,1392.71,0.96,3003.73,3216.82,27440.84,1.1,25672.17,30374.22,66132.86
Endocan,683.75,0.85,2838.62,2197.99,6400.07,2548.05,1140.21,1.16,486.74,0.96,1.13,339.72,1.13,1.1,19386.5,24294.63,79778.72
Endoglin / CD105,9193.0,13581.52,14350.11,14815.67,11560.67,11856.56,4388.02,6176.12,6274.54,15470.28,6911.42,12806.34,13679.5,5062.65,35581.4,43413.81,54284.88
Endostatin,2024.25,921.56,13261.62,5205.18,15712.22,2196.06,2326.58,3219.85,1408.36,0.96,1.13,1710.72,4172.49,1806.31,56005.58,65270.73,131866.48
Endothelin,20293.75,47292.68,27833.64,31122.47,24149.84,23361.36,30606.63,21187.12,28733.48,44223.49,16566.33,33517.97,19589.52,8851.91,48548.31,43627.17,71759.01
EN-RAGE,541.75,27.89,2660.28,1477.84,8815.35,2674.41,1522.68,517.31,664.24,0.96,1665.82,559.57,5886.59,1.1,36794.41,29978.56,79122.21
Eotaxin/ CCL11,2139.0,1510.37,1783.75,2454.44,2923.0,2534.93,230.52,1.16,1412.56,830.63,1.13,753.38,2538.83,1.1,23037.15,18654.85,55402.23
Eotaxin-2/ MPIF-2,7459.5,10910.85,18181.04,11704.03,17418.39,7063.26,6717.42,6346.92,5843.62,4317.62,7148.27,7287.89,13809.61,2098.03,49820.92,55311.39,98880.98
Eotaxin-3/ CCL26,7334.5,10210.07,21861.68,6437.07,15161.35,3173.96,3379.28,6315.02,5057.47,1199.49,1932.84,1904.53,7759.88,1795.55,52629.35,58911.15,118367.08
Epiregulin,8461.75,3210.25,17656.23,8499.37,15557.99,5923.36,4061.06,10305.91,6665.28,1487.68,4904.71,2571.6,9151.09,8517.69,20205.5,24213.29,59848.32
ErbB2,7200.5,16170.64,9275.15,11009.06,9331.86,8453.04,14730.27,4946.93,9466.11,20899.26,13282.05,15078.84,20924.84,7061.88,23337.5,30986.51,36507.28
ErbB3,8432.25,14293.93,31233.02,9183.38,20964.46,12374.91,6012.57,6960.21,8674.35,12044.21,13990.33,11606.85,19680.12,3822.65,67924.74,79531.22,157126.71
ErbB4,12790.75,3964.28,17317.96,13737.66,25262.52,8829.29,1395.77,5643.44,9522.16,1832.21,14253.4,18588.13,21585.86,7883.48,35664.23,43739.99,88501.89
Erythropoietin,24690.0,54165.73,43795.58,34901.57,29212.15,29124.69,48875.52,16671.09,34232.37,45568.39,27832.64,32820.21,36514.6,13857.98,32461.01,38932.4,48546.05
E-Selectin,9830.5,23432.01,18436.86,17276.17,19661.85,13538.21,9691.17,8519.97,7691.53,6802.06,9413.26,12282.31,21049.87,6542.75,30662.78,39494.0,61282.27
FADD,342.0,0.85,1.17,3517.53,3433.39,848.69,243.15,1.16,26.16,0.96,1.13,128.69,1.13,195.4,48987.61,63219.67,135978.3
FAM3B,11591.0,21793.18,10798.69,15586.88,13677.07,13355.22,15288.4,8333.52,14094.76,15237.94,9014.29,17343.83,16449.49,6060.06,62245.19,65153.83,109185.71
Fas / TNFRSF6,839.75,0.85,1.17,4020.63,10366.22,719.27,248.81,1.16,475.76,0.96,1.13,827.33,31896.15,1.1,15899.58,17852.91,51026.37
Fas Ligand,8312.0,7156.58,17245.74,5260.44,11796.95,3828.3,2893.2,4937.07,3205.35,1396.91,8341.25,5383.8,38124.26,9481.7,36762.67,40389.14,98355.93
FGF Basic,10118.5,12385.94,15327.21,15232.05,22088.05,9441.87,8748.61,9047.43,9886.28,8004.43,8012.48,12263.98,13329.51,3917.32,56346.57,51164.32,132477.17
FGF-BP,6531.75,15184.22,11601.83,11920.61,11473.83,9991.71,13909.61,3247.69,10520.86,11203.7,6739.15,11728.25,11544.28,1939.06,46693.96,28521.81,63457.99
FGF R3,4776.5,7286.93,19032.13,8861.43,20614.17,8441.02,4496.64,6718.95,5554.48,4940.47,7789.45,6749.73,17748.4,4140.03,65530.07,46689.04,95899.27
FGF R4,28351.5,96110.52,169241.96,54252.17,206422.69,28932.52,34747.8,277356.25,52352.04,27213.77,106820.3,43270.17,318885.3,121921.15,103834.36,95176.53,147818.77
FGF R5,10302.5,22581.64,17553.9,14035.14,13593.96,11526.0,14586.6,8151.41,9072.33,8868.29,9862.71,13751.54,15662.02,3851.91,68779.35,68791.6,105479.51
FGF-4,3990.75,7056.86,16569.79,3839.25,14851.54,7333.04,4828.6,5433.79,4769.96,1062.73,1806.52,2206.5,6764.39,1444.5,42427.52,50729.83,99639.28
FGF-5,9652.25,14057.51,22786.45,13097.47,13474.62,15326.54,22784.47,16778.09,9046.87,17071.35,19789.98,17949.53,28314.12,10745.99,42787.86,48804.26,72730.26
FGF-6,14606.25,29692.79,34806.37,22306.04,30638.35,12832.71,12669.26,6015.48,11028.15,14002.1,11210.48,46483.46,65552.13,15794.28,75022.83,85736.29,161653.92
FGF-7 / KGF,5575.0,6794.46,20332.0,9033.48,15332.89,9189.36,6273.79,6900.18,7482.27,2016.4,10529.26,9491.96,11439.28,2093.06,56778.51,66960.45,134848.94
FGF-8,3840.5,14375.05,5877.22,13443.21,7414.18,3720.96,4841.23,1562.95,3091.37,1499.96,2402.31,5744.27,24117.92,3763.59,15830.3,17984.93,24281.48
FGF-9,36738.75,118527.8,82022.69,61889.64,52362.79,46966.26,87275.79,80789.78,65820.4,92952.15,68574.56,68899.4,86023.67,43435.46,88248.68,100430.46,168946.89
FGF-10 / KGF-2,7125.5,13090.53,6922.16,10786.18,7651.8,6909.79,8512.21,2833.9,8823.36,12358.4,6734.35,11957.82,6005.7,1323.62,43433.84,53620.84,138148.01
FGF-11,5468.25,9739.57,1.17,8042.19,6280.73,8476.44,5593.1,2983.24,7758.57,7113.61,4004.69,22703.13,27994.05,11895.46,19869.54,24826.81,47050.88
FGF-12,7697.5,11872.55,12285.69,13155.76,20160.25,11634.88,8018.07,7472.59,6190.92,5463.17,11697.14,13070.12,18898.29,3758.9,54906.36,61435.53,85670.04
FGF-13 1B,51514.5,109853.03,61057.99,71248.58,51266.37,97732.62,82717.11,64025.9,88510.8,115663.39,68814.51,83583.12,79797.81,41339.91,61505.15,59669.37,66047.6
FGF-16,26254.5,66967.66,53917.44,33973.47,53838.81,30190.03,44559.78,36882.75,44962.27,64260.33,42363.77,49140.04,70887.2,30403.77,36661.26,33250.11,34473.91
FGF-17,9841.5,11446.42,3270.16,13884.07,15737.26,9597.97,12827.3,7153.91,6411.17,12201.91,3824.52,15841.04,25869.85,7059.94,9498.95,10435.93,26313.35
FGF-18,3888.0,4958.94,3806.95,8196.3,18301.98,5229.23,2490.71,4516.61,3033.22,2761.56,1099.08,5530.81,16490.7,2441.91,8630.41,12536.03,12668.61
FGF-19,269.5,0.85,5125.54,3427.77,11194.4,1609.28,928.63,1292.12,321.14,0.96,1.13,0.88,4479.86,1.1,19308.7,18491.36,49441.81
FGF-20,7890.25,17181.15,6906.95,9765.99,2123.59,8098.87,12001.64,2219.74,6220.59,10129.89,4154.97,13672.07,12793.23,3110.61,50675.14,40668.31,56645.01
FGF-21,796.0,405.01,5850.33,2207.78,5630.23,2281.33,2458.71,575.89,890.09,0.96,1.13,886.26,1.13,1.1,17090.91,20756.18,58875.57
FGF-23,3241.0,4656.19,9497.06,2962.9,7376.62,6246.05,2836.6,5681.43,5478.81,1514.89,3672.54,2019.09,10685.4,864.11,26368.86,32057.81,63821.55
FLRG,4361.75,5280.49,12665.47,3514.26,7170.45,8334.77,3765.01,3614.22,5037.38,632.0,1845.43,4056.5,4394.34,679.75,39851.32,50437.58,105223.74
Flt-3 Ligand,8827.0,14379.91,19196.15,16103.27,14593.15,9219.1,6430.08,5602.85,6475.16,3215.88,7171.11,7730.69,15314.85,2662.14,34371.1,42790.49,87556.94
Follistatin,24934.5,96148.34,163948.89,69828.56,118371.76,56382.34,61691.94,178539.47,99623.96,91306.29,124100.83,87275.4,225141.83,115728.89,196419.53,205007.99,243282.74
Follistatin-like 1,5756.0,6526.99,22620.68,3134.49,11188.27,2232.14,3229.52,16742.13,2731.7,795.0,1.13,1717.56,2990.43,2318.54,21725.05,29681.81,49054.59
Fractalkine,2359.25,1884.11,9878.89,4188.72,8347.85,3368.1,2010.29,1065.65,2948.67,2708.35,5619.48,3267.81,8736.75,818.57,42963.19,51328.23,77201.89
Frizzled-1,386.25,0.85,1.17,886.84,1.07,193.7,0.87,1.16,152.51,0.96,1.13,0.88,1.13,1.1,28051.75,27396.15,42849.29
Frizzled-3,1610.5,706.07,1.17,1044.21,1.07,2868.98,885.96,1.16,653.96,0.96,1.13,476.57,1.13,1.1,15441.7,18094.88,37138.63
Frizzled-4,1210.25,458.03,1.17,1257.29,1.07,1343.44,552.26,1.16,1631.87,0.96,1.13,365.76,1.13,1.1,32442.43,31255.46,110381.55
Frizzled-5,1440.75,1359.31,644.09,2939.35,2708.3,3744.79,2378.38,1.16,1696.33,322.86,1.13,2599.41,1.13,1.1,46688.15,41218.07,89711.25
Frizzled-6,371.75,0.85,2666.71,2076.76,4392.09,1825.5,772.77,373.19,507.76,0.96,1.13,14.13,3574.41,1.1,25631.15,14785.73,97216.05
Frizzled-7,3553.5,4955.35,604.91,2692.93,1.07,1870.75,3304.4,1.16,2127.95,1515.37,1.13,2405.38,1.13,1.1,25362.53,28946.9,91998.15
Galectin-3,636.0,644.8,4056.34,2298.47,4010.37,1908.36,1705.1,1968.62,695.54,0.96,1.13,353.62,1.13,1.1,32778.39,32772.7,64580.97
GASP-1 / WFIKKNRP,29014.0,97367.58,82360.08,56665.34,82769.39,42944.26,69316.01,89627.27,51603.96,81462.9,73131.05,64737.17,106085.11,40488.5,80700.45,79681.23,131025.56
GASP-2 / WFIKKN,9923.5,18276.37,9935.03,11815.47,4288.2,9474.67,11144.41,8803.27,8680.42,14768.93,8184.76,13229.05,15358.03,6969.7,82491.33,64358.42,80404.06
GCP-2 / CXCL6,1176.0,447.47,6389.46,1330.26,5937.63,4636.99,3595.0,5693.32,505.65,0.96,1.13,0.88,1.13,1.1,19894.31,22993.21,63754.7
GCSF,16364.0,30927.46,18609.94,20908.16,4859.86,13824.6,21844.09,5678.82,9313.13,19459.49,11104.18,25836.28,31006.78,9032.68,53096.13,57328.93,74696.41
G-CSF R / CD 114,3811.5,3707.37,7291.13,6864.63,11252.74,7850.74,2669.21,2517.54,5737.12,2132.69,754.81,6593.0,4554.09,1.1,29867.01,41950.12,56059.86
GDF1,12370.75,23511.44,16504.29,18530.66,3407.01,12322.23,14287.94,5055.38,7688.26,11647.91,8306.0,19964.65,25966.09,6663.63,39691.08,71058.88,65166.5
GDF3,20597.25,31057.39,10047.3,22971.4,5080.42,16904.12,22259.21,7019.07,16995.32,20910.81,14402.84,34142.21,39691.31,19627.98,50826.86,56829.86,147970.87
GDF5,38731.25,64167.27,59794.66,31897.41,57470.92,44682.75,26181.82,47791.8,28658.51,30538.48,60855.04,36698.36,106314.29,53985.77,87360.79,105316.94,114782.2
GDF8,19238.0,32471.0,21714.33,19904.52,14532.15,18792.58,23347.61,11760.12,15641.62,25638.69,15710.29,38437.56,51533.93,20726.39,51532.45,51919.26,78972.36
GDF9,2761.5,4707.53,1.17,5247.38,3871.58,4636.55,5043.24,38.57,3041.63,4074.45,1205.66,5786.43,4114.07,9241.6,43930.81,48647.31,104303.2
GDF11,19965.5,33172.0,25421.29,22694.67,15313.18,24175.73,25600.4,8449.79,19492.29,22329.39,14844.39,36354.45,54383.8,26690.41,33887.67,37592.55,46190.81
GDF-15,5955.25,18023.69,18828.93,5947.95,12179.74,8510.54,7232.89,6309.22,9636.14,6807.35,9548.89,13272.1,24020.55,1275.6,50598.12,50207.46,83947.26
GDNF,1823.5,1884.74,7826.75,3236.13,5020.48,2772.13,1144.79,183.84,2224.17,96.06,1.13,1389.33,8656.59,826.85,32249.29,28977.97,78421.39
GFR alpha-1,3010.75,6385.44,1.17,5463.03,1.07,2159.55,3628.96,1.16,2457.03,2804.9,1.13,4098.22,303.7,1.1,33900.83,43777.59,75702.95
GFR alpha-2,5281.0,10724.72,4871.47,5813.43,6105.45,4731.65,7747.93,1660.38,4725.11,9486.09,3449.51,7261.62,3504.41,841.75,74796.41,69737.43,102563.15
GFR alpha-3,9993.0,15939.09,12607.88,11873.52,10996.48,10438.79,12377.35,7952.78,9560.47,15452.22,9019.64,11969.3,9407.09,5988.02,72248.47,72396.68,95623.6
GFR alpha-4,9378.75,19934.85,15166.12,14097.62,10455.19,9793.86,14192.6,4803.39,5629.45,13232.86,5956.99,14754.79,9319.31,1920.85,69863.86,52271.19,97528.9
GITR / TNFRF18,5021.0,7086.22,11634.58,10643.27,11235.95,6720.02,9217.71,2928.43,5970.21,5058.93,3549.04,5434.79,4789.21,1185.08,40744.63,47173.8,79208.6
GITR Ligand / TNFSF18,9767.0,20787.75,14220.59,15695.05,9777.52,10798.21,13583.52,4702.77,5692.28,13828.27,7560.22,12543.44,17117.29,4860.08,33795.94,38775.44,53010.55
Glucagon,11661.25,22410.51,14705.63,14303.71,4173.93,12292.06,17905.15,4222.0,5235.44,10082.22,7540.76,26029.43,35156.13,12228.57,59932.19,66997.65,106237.05
Glut1,5897.25,7694.89,15149.74,7061.63,14044.41,5749.99,1470.65,1868.0,4036.35,681.6,1.13,18378.43,19804.87,1065.3,15715.34,22241.13,53413.92
Glut2,13936.75,24304.55,2571.69,13747.92,1.07,11784.63,16916.01,2493.18,17706.74,15794.1,5196.26,19915.87,15538.67,4000.94,77316.48,81184.57,123715.69
Glut3,6047.25,7310.59,9686.22,2096.81,1554.87,2340.14,3304.4,1090.88,2091.05,1587.11,1.13,4920.91,3062.12,438.26,14700.89,22049.02,72199.19
Glut5,23135.5,56012.02,21929.51,28395.03,23541.16,29867.35,45219.35,20883.81,33197.94,45976.97,22369.36,41922.57,23594.92,13008.23,57094.73,56213.07,92894.27
Glypican 3,594.0,238.95,1.17,1694.65,2595.62,2818.05,1588.64,592.41,727.53,0.96,1.13,283.43,1.13,1.1,13777.39,17978.39,40743.05
Glypican 5,14445.0,45683.01,31444.41,18310.58,27201.5,38737.52,40355.05,31598.29,25924.95,41206.0,20255.78,32869.66,27355.61,5976.16,61248.15,57915.47,140947.19
GM-CSF,12043.75,24489.84,14063.59,16153.39,749.33,13973.92,18220.79,2038.51,10589.06,17115.9,5836.87,27433.32,24113.41,5831.54,48804.53,45363.91,58199.9
GM-CSF R alpha,3735.0,5025.7,22670.67,4379.19,16950.63,4815.16,1679.85,3521.42,1918.21,2028.92,8564.28,2792.56,11750.32,1819.29,42744.9,37056.69,102584.56
Granzyme A,413.0,0.85,2994.16,2216.41,4592.94,2035.38,0.87,1.16,211.84,0.96,1.13,0.88,472.2,1.1,25229.0,17636.27,70535.0
GREMLIN,21343.25,38581.79,20372.94,24667.45,12999.93,18073.31,27155.29,9752.06,18691.19,34746.55,15179.64,35679.65,40689.06,16566.76,43701.29,46287.66,47113.98
GRO,9903.5,17914.04,20686.94,10155.09,14206.37,13054.39,19537.98,11242.23,5932.84,12426.06,12000.25,18321.04,18331.81,9333.22,54853.33,53686.65,77169.96
GRO-a,1584.5,2583.42,4512.73,2580.33,6092.14,1543.48,1978.29,5552.1,1084.64,2955.13,270.96,6834.93,11868.58,2135.56,76984.78,79695.95,97687.02
Growth Hormone (GH),2232.0,2255.73,12671.61,3827.36,12588.1,2666.32,2070.8,4587.07,1895.56,1972.58,150.0,1112.52,1228.91,1.1,40013.88,169214.71,169067.83
Growth Hormone R (GHR),22593.25,29517.23,58569.34,24436.18,35973.7,27134.13,28210.83,24578.06,18423.53,15482.55,24943.1,14994.29,34968.72,9136.45,45996.88,54691.74,102828.68
HB-EGF,2185.5,14554.21,15219.33,8201.66,26387.44,4693.83,12969.45,19801.63,3375.38,17231.46,12371.88,7908.16,34802.75,26968.87,46050.29,53067.82,75340.9
HCC-4/ CCL16,2801.75,5930.36,14644.24,9969.28,19846.19,5956.15,4021.44,2558.43,4126.97,0.96,7102.59,1418.9,31850.99,1.1,20051.84,23143.62,31315.67
HCR / CRAM-A/B,13049.5,22220.58,10118.35,13645.11,11773.51,11192.82,15830.86,13055.72,12175.62,14846.7,17014.93,23014.15,17773.81,9446.65,35534.18,42037.18,79629.24
Hepassocin,11298.75,22917.56,1.17,11276.46,1.07,9832.11,15117.09,1673.14,8504.32,12203.11,5436.49,15304.43,9381.97,3330.57,40417.19,44295.87,72433.55
GLO-1,1723.5,606.77,10609.24,5508.96,8898.99,4075.34,2582.57,2192.19,1279.9,0.96,1.13,943.88,3766.9,262.74,18815.6,26253.31,64081.83
HGF,4472.75,2920.81,18785.07,5733.47,15800.39,5191.85,655.0,6302.55,1034.9,664.51,5640.34,2482.86,20084.86,1026.11,25878.08,31608.2,61324.71
HGFR,600.0,617.33,8619.07,2431.82,6112.91,2780.22,1252.1,726.67,807.18,0.96,75.57,1022.02,11157.03,664.02,33073.32,37760.13,94033.78
HRG-alpha,623.5,27.47,2551.81,2915.81,2553.8,3418.6,1737.31,386.82,1111.5,0.96,1.13,1402.13,1.13,1.1,23702.1,21657.45,48278.64
HRG-beta1,1015.5,714.31,4390.52,3357.83,3793.27,3143.79,1799.79,926.17,860.9,0.96,1.13,658.68,1.13,295.3,24794.73,20825.26,36091.9
HVEM / TNFRSF14,1886.0,1325.3,6903.74,5018.91,7352.38,3754.41,2297.41,1.16,2081.0,749.74,1797.5,2383.09,5818.29,392.45,38087.93,34542.54,16483.73
I-309,1357.75,1806.57,6549.68,5502.9,10327.06,1753.79,614.3,691.0,426.01,0.96,1.13,559.13,4597.84,1.1,52297.65,39566.35,67281.0
ICAM-1,3684.75,2827.86,11001.3,4388.28,15305.72,5338.33,972.16,802.64,1269.39,8.43,1.13,1110.53,16505.38,1663.08,42365.2,43619.0,71634.7
ICAM-2,1020.25,777.05,4180.31,2182.14,5548.98,2212.68,1944.33,1885.11,1874.3,233.54,1.13,819.16,1315.28,1.1,31851.02,39575.34,64549.42
ICAM-3 (CD50),1.0,0.85,3934.42,455.78,3781.01,0.87,0.87,1.16,0.93,0.96,1.13,0.88,1.13,1.1,8260.4,12251.14,39616.32
ICAM-5,7251.75,19594.7,33217.63,14769.51,29476.93,20761.93,15859.38,33266.79,12353.35,14987.3,9354.33,12923.11,35892.8,22116.8,38588.38,39176.82,111469.97
IFN-alpha / beta R1,2828.5,1335.86,9274.27,4166.11,9012.47,6168.44,1532.04,973.73,1525.13,0.96,1.13,1028.2,1.13,289.23,16874.55,25193.86,75539.2
IFN-alpha / beta R2,1336.5,1043.89,914.53,2819.06,1075.11,4346.65,2752.36,860.64,1042.84,823.41,1.13,1531.26,1.13,1.1,19683.37,27920.15,82616.59
IFN-beta,5691.75,13070.46,10762.73,8770.97,8053.77,8307.44,11582.6,4302.03,6705.92,6510.73,5434.51,8207.26,6694.39,1111.11,34299.88,43236.01,84909.12
IFN-gamma,17177.0,24651.46,13725.32,17425.37,1.07,14176.36,22328.65,5036.82,11571.17,16868.39,10761.88,24814.93,27496.73,9011.43,53482.41,55027.32,64295.91
IFN-gamma R1,7221.5,14654.14,12833.88,11293.71,17608.32,9164.0,9746.24,4543.58,9736.57,10643.93,10048.52,10245.78,17510.75,1226.2,35458.7,39418.39,119288.38
IGFBP-1,6880.25,4296.61,24458.22,5440.18,15223.15,6901.04,3391.69,1861.33,1396.21,3364.43,4677.45,1088.46,8012.21,785.17,31186.85,34008.73,224451.27
IGFBP-2,6141.0,7320.94,20305.4,8533.64,17044.39,7651.35,8711.82,6505.53,7736.84,7025.25,9054.04,8066.65,8316.48,2349.45,53507.95,55057.15,191928.49
IGFBP-3,6030.25,15036.54,27041.61,10739.09,22227.37,10433.11,7113.17,12097.07,6014.35,16460.78,10892.15,11889.83,37422.03,8694.87,36024.18,48259.82,33596.93
IGFBP-4,7088.5,8240.82,22804.87,9938.74,17152.01,6816.87,3833.58,4974.77,5142.95,2802.49,4733.84,4196.01,15574.8,1399.51,46181.89,45385.16,76663.31
IGFBP-6,1054.5,904.45,4835.8,2659.83,4082.02,2071.23,0.87,1.16,686.19,0.96,1.13,1922.41,18690.55,1316.44,24185.13,26111.48,30287.34
IGFBP-rp1 / IGFBP-7,1828.5,2044.89,8322.02,4333.5,6433.64,3642.03,4628.99,3739.77,1981.04,1372.59,398.97,2871.36,4869.37,946.07,48984.12,50844.69,89976.41
IGF-I,2380.75,4718.73,9086.57,3465.77,6901.4,3625.2,2222.31,2472.01,2327.17,1544.74,759.04,1914.24,1958.25,610.48,64418.86,60828.14,113509.36
IGF-I SR,1007.5,1569.32,3717.19,2731.4,9958.92,2617.57,341.11,1105.95,695.54,0.96,1.13,105.95,7905.52,312.14,34677.64,36408.84,67727.19
IGF-II,17258.0,31028.87,39379.92,14577.41,36036.56,16351.66,29668.21,53068.42,15232.66,25876.33,31601.04,24103.27,88477.26,25944.7,44533.84,49261.23,84269.13
IGF-II R,1934.75,3324.55,6349.99,5598.95,7379.29,3679.42,2902.56,1578.9,2298.68,1654.53,918.35,1802.77,3475.9,231.83,33033.46,37764.22,80945.27
IL-1 alpha,20333.0,37295.57,24991.21,25662.47,14867.53,17893.82,25242.31,10846.42,17790.82,20788.27,16927.8,28426.2,39799.41,13608.22,78806.24,82553.85,108096.16
IL-1 beta,6009.75,9957.39,19533.54,8857.0,12183.74,7993.72,7826.29,4277.09,5650.0,2374.89,4530.26,3838.63,7568.8,1375.78,46220.21,58788.53,91368.3
IL-1 F5 / FIL1delta,7087.75,2652.5,20760.62,6619.84,17229.26,8468.57,1952.38,6620.07,9954.71,2369.6,16886.63,2261.9,19473.79,3822.93,41669.68,53109.92,125837.33
IL-1 F6 / FIL1 epsilon,6605.0,5456.48,8602.11,8886.61,11268.45,9022.12,3481.81,3628.42,3016.64,13159.91,10409.71,7421.43,19589.23,3853.29,31289.41,41349.68,78260.26
IL-1 F7 / FIL1 zeta,9924.5,15961.48,11796.84,13111.46,14211.16,10743.55,14844.12,6315.31,11763.15,23478.32,9478.96,20446.52,17126.61,3874.54,39328.8,50897.01,89014.56
IL-1 F8 / FIL1 eta,7068.5,8180.39,16179.18,9738.01,14591.29,10273.3,8582.73,4932.72,6901.41,7787.74,6610.85,7788.96,7115.51,380.31,44473.46,49566.97,86655.18
IL-1 F9 / IL-1 H1,6900.5,9413.16,12332.46,7358.18,9843.31,9745.98,5048.03,2662.24,4365.43,4847.06,4127.62,9101.91,9440.11,646.63,35407.23,35399.26,60560.79
IL-1 F10 / IL-1HY2,1148.75,0.85,5324.35,2999.74,4212.82,5559.14,2044.68,1.16,806.24,0.96,1.13,1009.66,1.13,1.1,29039.5,29821.6,49362.94
IL-1 R3 / IL-1 R AcP,5295.0,9440.83,14644.82,15364.24,28514.5,10803.02,13081.55,14912.99,5753.94,9646.92,12724.33,6251.96,14534.71,4044.27,33813.36,34894.06,21535.63
IL-1 R4 / ST2,881.0,584.59,3035.68,2826.52,3188.32,726.7,0.87,1.16,28.73,0.96,1.13,0.88,3767.75,1.1,17902.56,18286.99,44599.48
IL-1 R6 / IL-1 Rrp2,7933.75,13898.0,5398.91,7699.02,620.67,7612.66,12944.41,2498.11,3674.8,11623.11,2667.35,11620.75,7084.74,2092.51,81102.98,91616.0,107617.67
IL-1 R8,541.0,365.92,2465.56,2815.79,3654.75,2662.39,2202.72,1157.57,545.83,175.04,1.13,504.61,1.13,1.1,33214.21,33273.0,65488.37
IL-1 R9,2068.75,3668.5,4712.42,3084.13,3495.72,4478.27,4899.13,1579.19,2010.47,2203.47,466.93,2752.6,1342.38,1.1,64067.03,68456.44,98319.5
IL-1 ra,4789.0,12016.64,20374.69,6476.47,24106.95,15546.04,8471.72,63828.43,5055.6,7580.93,5775.97,6571.15,43540.63,47970.7,79187.09,90852.07,123391.56
IL-1 sRI,1111.25,1677.49,3754.91,8108.4,18547.58,4953.11,312.81,2834.48,2912.47,0.96,836.01,528.01,30536.27,2061.88,24245.51,29851.03,38381.04
IL-1 sRII,2980.5,4937.39,10211.9,8656.97,10314.28,6127.12,5436.15,2403.29,2575.21,3744.36,3529.3,6083.98,18529.39,1961.42,30808.7,35082.07,60355.34
IL-2,25905.75,51053.51,43668.11,27947.65,19062.76,27563.06,41599.96,14265.19,25911.87,33650.59,32825.32,69524.76,87015.49,31187.29,39170.89,42368.67,54710.41
IL-2 R alpha,3348.5,6194.45,14117.97,1732.42,18358.45,10105.17,3859.49,4443.25,2922.28,0.96,4497.56,6850.83,33779.04,4675.72,39896.99,66996.42,136555.19
IL-2 R beta/CD122,6265.5,6329.45,7956.27,6935.27,14008.98,6929.03,7717.02,2995.99,4513.28,2376.82,2458.98,3586.11,4114.91,203.12,56703.43,66488.77,152374.52
IL-2 R gamma,5207.75,3532.86,14784.28,9238.4,18786.79,3123.46,6341.05,2350.52,5957.37,3088.04,6354.55,1989.73,12771.5,1641.28,39592.0,48590.9,104721.97
IL-3,12041.0,12106.22,31465.17,5967.3,8607.31,3948.76,757.53,215.74,635.28,0.96,5594.1,99.77,12125.15,1097.59,33804.46,39973.86,74135.29
IL-3 R alpha,9974.0,8932.51,19929.7,6032.81,10532.71,6548.18,3623.52,7175.66,4570.26,3474.94,5825.31,4973.67,10082.51,8935.81,47112.36,56323.43,250279.01
IL-4,2825.5,4674.57,21492.71,8134.28,17633.1,8246.23,2307.86,2667.75,3982.63,3675.5,6061.31,4852.04,15330.65,2090.03,39679.08,45770.6,219270.56
IL-4 R,26541.5,58506.7,36709.7,37979.41,28353.87,32491.26,44671.23,35260.06,49939.62,65741.51,32589.88,44247.82,37871.37,7281.84,36172.81,32155.5,53548.75
IL-5,18015.0,31730.08,24741.53,21556.98,14937.85,17834.8,23447.09,8356.13,12595.09,27230.14,14416.66,29011.82,55847.26,32567.76,42598.59,40630.71,58496.24
IL-5 R alpha,3170.5,10809.86,6577.74,6670.2,6453.08,5433.87,6907.9,4134.43,2961.05,8926.56,2594.32,5585.78,8373.77,1306.78,41887.2,45450.15,59153.5
IL-6,21846.5,40796.11,25931.48,21126.14,17676.78,20847.42,29123.57,8410.94,18400.17,47705.9,23184.23,41220.18,44701.52,16053.71,28658.64,32217.63,32365.04
IL-6 R,890.75,1042.41,4327.37,3120.27,7600.38,4007.79,0.87,1362.87,582.03,0.96,1.13,2118.42,11477.39,1093.17,19284.32,22010.6,38889.95
IL-7,19840.5,31795.15,31892.03,22791.42,13318.52,16361.72,28374.96,8557.66,15234.99,29646.69,16276.47,34412.18,43229.03,9508.75,29910.75,35075.54,40212.36
IL-7 R alpha,2303.5,2865.25,12445.9,2569.6,9639.8,3126.74,3492.48,3460.82,2336.28,1344.18,902.56,1190.44,1487.17,599.99,19327.67,29586.17,72848.56
IL-8,25443.0,41773.66,38676.18,23163.5,20075.81,20259.54,27926.54,15872.22,15959.49,23732.08,27950.78,46656.29,84843.02,26975.22,25781.71,28930.14,36431.79
IL-9,9029.0,16522.19,7728.22,10808.56,3291.4,8894.88,10910.4,1941.37,5321.85,5547.44,4248.59,18894.07,17702.68,5086.94,52958.34,52691.78,83186.72
IL-10,13624.25,26924.52,19835.56,15028.99,11620.08,15748.04,19214.07,8724.98,10763.29,12759.28,20475.43,30637.11,50119.3,30020.43,54888.94,45164.85,64632.42
IL-10 R alpha,718.0,0.85,1.17,1435.41,6791.65,1234.12,39.4,1.16,798.3,0.96,1.13,72.18,2482.38,1.1,21416.96,28452.33,75201.56
IL-10 R beta,1093.0,264.72,1243.74,2308.96,4958.95,3304.92,2114.12,1199.04,511.03,0.96,1.13,438.16,3616.74,1.1,15868.23,17979.21,43783.73
IL-11,10918.75,15287.95,10921.19,13399.15,13903.23,9207.07,11018.37,2754.74,7964.33,10356.45,4686.75,20207.46,27457.5,9649.5,20471.4,21835.66,37046.61
IL-12 p40,1586.5,177.89,994.35,1909.37,1828.71,2384.3,710.95,1.16,1026.25,0.96,1.13,284.97,1.13,1.1,13583.09,14399.47,64835.61
IL-12 p70,1611.0,0.85,820.98,1837.56,1.07,2786.13,222.47,1.16,716.79,0.96,1.13,479.22,13280.4,444.89,23042.56,21400.35,81943.18
IL-12 R beta 1,4417.5,11301.91,7032.67,1301.82,6551.91,3861.53,7813.23,1292.12,4693.12,7966.63,3557.22,8754.25,11043.01,3344.1,69373.86,59274.11,119489.31
IL-12 R beta 2,1230.25,1586.85,1869.12,2120.59,854.82,3381.65,2605.43,1.16,1902.1,591.56,1.13,3109.76,1.13,1.1,50113.15,42673.59,117285.05
IL-13,14295.25,29046.52,15960.19,16032.63,6061.5,15945.9,23601.65,6092.9,11264.74,24575.0,10445.52,29526.8,29120.23,13384.12,100750.74,99570.88,119449.5
IL-13 R alpha 1,3518.75,9952.74,11962.03,9365.7,17441.57,7519.09,11032.95,6532.5,4848.67,4475.56,6187.35,10709.11,9239.15,2967.93,57627.7,58945.9,77500.09
IL-13 R alpha 2,1250.25,2756.66,7504.56,1581.35,6287.93,4196.24,1099.29,997.5,879.35,0.96,1.13,171.95,5430.76,1.1,43852.63,42824.0,99815.05
IL-15,19141.5,30712.6,28065.19,21726.7,15563.05,18697.92,24862.24,7862.02,19670.03,33582.69,15849.3,31286.75,35487.49,9936.25,40527.88,35442.58,54814.45
IL-15 R alpha,1338.0,1979.18,5352.71,3759.29,11298.02,3228.4,1462.16,3129.67,1362.81,827.75,1.13,4626.45,8280.35,2331.51,37108.69,79368.95,153923.03
IL-16,1066.5,0.85,1367.42,1765.29,1051.14,2080.41,395.09,1.16,844.31,0.96,1.13,48.34,1065.49,1.1,19740.26,21340.27,65450.43
IL-17,8732.0,16771.71,10864.77,10522.97,3430.99,9047.7,11568.88,3132.57,3986.6,7856.36,4505.45,18594.53,19802.61,5343.32,40250.75,35698.86,56998.43
IL-17B,3809.0,4788.87,12995.27,6053.79,8004.22,6549.71,3540.37,7254.53,5060.27,7445.38,7946.78,7868.65,17829.13,6220.13,28027.37,29626.23,68794.2
IL-17B R,18217.0,13914.91,59066.66,19475.09,44035.46,20335.18,8001.96,66766.14,12065.61,57174.89,59150.02,13780.01,66039.57,36077.17,32439.72,41127.33,64614.4
IL-17C,2367.5,8901.25,11692.17,7807.66,24007.59,5610.95,7869.39,12902.9,3538.87,13052.77,18627.18,12337.27,20028.7,9635.43,27916.28,43890.81,58000.47
IL-17D,2556.0,2120.1,3142.39,1214.4,1169.41,6302.45,5714.78,3115.75,383.97,0.96,1.13,79.47,1.13,1.1,11850.27,18926.25,49550.72
IL-17E,6435.0,1903.97,18302.37,8359.02,10227.43,6820.59,2792.2,2986.72,2568.2,1030.95,3800.83,2219.74,8365.31,1648.45,28566.14,33322.45,83754.21
IL-17F,33516.25,62821.27,100107.24,64226.58,104784.72,56487.27,58664.21,111547.73,40899.06,81114.76,88660.04,56531.01,139164.73,60281.24,68502.22,71438.6,155547.03
IL-17R,4358.5,5318.1,9050.9,6275.97,4618.52,8858.81,4620.28,7220.89,7705.08,5871.27,7309.83,5145.4,10257.51,4681.24,20060.35,22396.86,51128.9
IL-17RC,1697.5,3561.17,8228.76,3525.92,4294.06,3154.07,1668.31,1903.67,2189.14,3196.38,851.52,1785.33,3375.7,1785.89,24747.51,30934.19,91077.61
IL-17RD,6209.0,12126.5,14898.31,8729.71,9254.61,9806.32,13045.85,6254.7,10295.94,13340.24,6691.49,8109.47,10529.31,845.61,45657.05,48035.43,101096.89
IL-18 BPa,4189.25,4401.82,36220.57,6987.96,17948.76,12393.06,16381.6,19183.41,3147.66,3750.14,6170.43,4104.84,21708.08,1859.58,43744.26,62274.67,100590.99
IL-18 R alpha /IL-1 R5,3185.25,1378.54,14122.65,5990.38,12715.17,8119.21,6671.06,4823.69,1953.48,771.17,3897.83,988.46,10369.56,1163.55,49366.92,56393.32,89563.28
IL-18 R beta/AcPL,1294.75,1022.13,9621.9,3576.28,12632.86,4708.69,1342.44,5990.25,1354.87,0.96,3234.94,1065.94,7343.0,1514.6,44337.99,46019.12,70748.33
IL-19,2564.75,2944.27,15828.92,4217.86,11613.42,2105.77,3426.3,10635.61,1662.47,2928.65,9859.61,3400.47,30486.32,8856.32,28857.97,24581.16,73974.17
IL-20,3741.25,2868.63,4355.73,3349.2,1413.42,7701.64,6537.4,3294.67,2306.15,1036.25,821.92,1016.72,2955.15,502.01,43482.23,57093.49,142129.89
IL-20 R alpha,3568.75,7407.78,5529.6,5316.39,1694.98,5140.04,6168.0,731.6,2888.65,9083.78,2474.49,11832.44,8547.64,2126.18,63641.66,70324.38,105959.5
IL-20 R beta,877.5,575.5,4084.41,2273.99,4475.73,2704.8,1385.76,1273.56,928.86,0.96,1.13,515.64,3416.91,7.18,34981.47,45479.17,120511.26
IL-21,32208.25,59661.3,42340.46,34514.1,32728.64,31608.02,36240.87,21821.58,26465.4,56061.12,54878.32,49565.62,57962.16,35472.49,50674.75,55419.3,85419.15
IL-21 R,904.5,370.57,2263.53,3796.36,5623.57,1985.09,969.99,1090.59,724.26,0.96,1.13,320.95,3132.12,2775.85,57943.53,45862.98,107816.35
IL-22,1489.0,2267.57,7772.66,3206.76,6721.06,7521.49,5061.52,6417.67,9578.68,1407.75,1.13,1441.86,1540.52,536.51,27377.51,35828.43,68854.67
IL-22 BP,1435.0,1207.41,11650.07,1284.1,6069.49,2851.49,2385.79,2663.4,1203.29,890.59,1.13,307.27,846.75,1.1,25154.3,24705.82,74430.5
IL-22 R,4119.5,3489.98,7114.83,2753.78,5919.25,5892.1,6617.29,3657.13,1375.19,1429.66,1.13,1341.43,1.13,1.1,34470.95,34643.5,94173.12
IL-23,1065.0,850.15,3025.15,1999.36,1.07,2644.9,1806.75,426.84,897.8,465.16,1.13,2652.61,1.13,1.1,50508.71,53380.1,96924.6
IL-23 R,3991.5,7493.76,1.17,4082.18,1.07,3475.66,4720.2,1.16,3100.25,8484.76,1.13,6720.59,1655.39,1.1,37360.66,45979.47,86368.61
IL-24,2686.75,5357.18,8924.89,4295.96,19333.14,3885.14,4103.29,10042.32,9016.74,5920.38,8390.03,8576.56,14435.08,6274.49,18110.4,24462.22,48182.87
IL-26,977.0,1193.04,4949.83,2509.92,4703.49,2652.55,1409.27,590.38,1024.39,443.01,1.13,6468.95,6647.82,1255.45,15865.91,28233.24,49021.54
IL-27,1661.25,1641.15,3140.35,2302.9,888.65,3055.25,2503.55,1145.1,1498.98,903.83,1.13,1390.65,106.13,1.1,18243.93,31696.9,71268.51
IL-28A,1854.0,981.99,1786.38,4028.56,1.07,5095.44,1775.19,1.16,1065.96,880.71,1.13,1437.45,1.13,1.1,28692.7,47382.67,93413.7
IL-29,8034.0,8239.97,65490.62,6981.67,25522.5,15222.69,5830.37,55523.91,4132.34,41289.54,45532.16,14195.88,30833.76,52307.51,142307.79,187738.35,214715.17
IL-31,1038.5,111.97,2673.72,2283.32,2526.09,3517.64,1645.23,1080.73,703.94,831.12,1.13,540.37,1.13,1.1,10225.83,18964.68,53229.88
IL-31 RA,737.0,35.07,3568.96,2323.88,2249.85,2785.69,1711.19,122.08,76.61,550.15,1.13,1426.85,1.13,1.1,10843.56,14854.8,49078.25
BACE-1,1115.75,153.8,2166.46,1714.23,1845.75,3621.7,2121.52,1.16,786.62,0.96,1.13,0.88,416.88,1.1,10572.24,15871.34,49134.96
FACX,4585.25,2411.02,14538.11,6163.6,12626.73,4624.31,1852.03,3104.73,2508.88,1272.92,4805.46,2596.32,12204.18,5923.72,37873.11,47939.78,97108.63
Insulin,6096.5,16065.01,5150.1,8069.94,5431.24,4540.35,13527.8,1546.71,2759.96,6448.86,3333.06,19305.09,14486.45,7116.25,48284.73,48428.22,56168.4
Insulin R,14267.5,25505.84,17272.35,17026.02,7507.15,14159.53,18983.32,5188.77,12737.09,23228.65,10658.12,29374.71,27939.86,14534.69,50853.57,56102.71,71481.46
Insulysin / IDE,1192.75,1355.51,7372.41,3256.88,4582.02,3941.98,2247.56,3359.62,1739.54,225.35,1.13,790.24,1296.37,1.1,34086.23,39571.26,86563.91
IP-10,679.25,67.82,1395.19,1875.8,3564.18,1227.57,0.87,1.16,219.78,0.96,1.13,0.88,2378.52,1.1,16664.77,21669.3,50150.52
I-TAC / CXCL11,3212.75,4219.92,5791.56,4797.9,19435.96,7468.15,1744.06,2652.38,9503.48,1861.1,1.13,3576.18,30210.28,2127.56,73484.7,68241.03,88423.77
Kininostatin / kininogen,8913.5,28728.98,32462.15,17904.7,25738.27,16451.57,24593.84,30493.49,14908.95,29477.67,20542.54,23000.24,31834.9,19153.56,66112.97,72988.95,97701.29
Kremen-1,2655.5,6178.82,4948.36,4865.28,3529.55,4399.56,5883.05,1459.43,2819.05,3479.28,1021.83,2307.15,1116.58,1.1,42456.55,57015.42,101802.23
Kremen-2,3082.5,5015.14,4636.99,2850.06,2752.52,2313.25,3755.87,1005.04,2549.05,2788.77,1.13,2398.54,2348.31,1.1,41258.24,97023.62,161349.71
Latent TGF-beta bp1,4372.25,5340.28,23921.72,10090.98,18909.86,8426.37,6140.13,7867.82,2423.17,5968.05,6801.74,920.26,28974.31,2679.53,16416.29,24738.52,40602.96
LBP,7169.75,15927.89,16841.98,10573.33,15421.87,11005.03,13599.42,15125.25,9864.09,16025.96,11071.76,9803.2,19072.15,6354.25,25426.78,37597.05,76071.02
Lck,3085.0,5009.65,3244.72,2896.92,1952.57,3048.69,3008.14,890.8,2197.08,1797.78,123.5,6976.87,7755.93,1635.76,80662.52,69892.75,131374.84
LECT2,1142.0,826.49,4865.92,3326.36,6591.87,2457.54,894.23,1968.62,1720.39,508.25,215.98,561.56,6811.52,1028.87,16126.39,25892.39,61374.29
Lefty - A,13860.0,12939.47,94907.15,9909.36,39663.08,18524.55,13292.92,39593.7,6438.73,21004.95,46562.45,13297.26,51299.95,29559.54,46531.4,106422.17,178596.24
Leptin (OB),1935.5,1469.6,6468.69,1866.94,2960.29,1806.7,473.89,130.78,724.5,0.96,1.13,26.27,672.32,1.1,25743.78,30993.05,78645.23
Leptin R,2177.0,801.56,2953.82,2076.29,5335.88,1929.13,818.7,1.16,1301.15,0.96,1.13,2168.53,7113.25,2932.61,24201.39,24533.34,110561.45
LFA-1 alpha,1757.5,1983.41,1139.95,2948.21,5153.14,1999.96,861.36,1.16,1291.11,913.22,1.13,5914.9,3741.5,99.35,16701.54,19929.71,55140.07
LIF,3429.0,5449.93,12392.11,7577.32,14948.77,8020.83,6130.99,4054.68,4940.45,4405.25,4959.69,6950.82,18168.39,1952.59,28895.9,35204.7,48599.01
LIF R alpha,4029.5,11117.47,14161.24,2914.88,2791.67,3418.82,1874.24,2395.17,2165.78,2067.2,55.26,7221.67,9424.31,2254.51,24200.61,32422.82,75954.59
LIGHT / TNFSF14,2504.75,3665.96,9668.39,3622.44,6385.69,3981.99,3176.19,2716.46,1627.67,1532.94,1505.67,2498.53,4367.81,721.97,39085.35,47149.28,96410.06
Lipocalin-1,11210.75,51195.69,50674.18,15115.25,72715.11,20925.9,33744.07,75142.28,19408.44,39442.16,52271.03,33710.45,73598.49,41920.58,42790.18,49967.13,98896.38
Lipocalin-2,22466.75,20930.78,47618.91,20742.64,32046.18,16837.22,36035.82,12377.47,16102.19,29512.1,108034.98,23845.89,30858.32,17500.69,50759.9,74812.33,92699.35
LRP-1,414.75,10.77,4820.31,4189.42,9496.49,1764.72,696.58,2200.89,0.93,0.96,1.13,152.75,4400.55,267.98,31370.69,41832.81,66970.77
LRP-6,7225.25,32736.57,13619.48,12001.51,8023.66,13097.46,23327.37,25550.92,12107.18,34367.82,9930.38,19138.43,11992.49,11714.41,29021.69,42048.22,138919.08
L-Selectin (CD62L),3820.0,14727.87,7734.07,6392.07,3481.33,6996.14,8187.86,1894.1,2444.89,8108.2,4174.15,8601.94,8108.46,1472.37,29349.52,40900.88,62564.49
Lymphotactin/ XCL1,927.5,0.85,10837.87,1202.74,3197.37,1464.12,442.55,1249.78,748.09,0.96,1.13,0.88,3606.02,1.1,20861.16,33730.37,82530.21
Lymphotoxin beta / TNFSF3,3284.0,2142.49,8121.75,2947.51,7373.16,3397.4,2277.6,2860.0,1275.69,1328.78,1356.8,3760.27,5517.41,2357.73,25763.9,41131.0,91179.39
Lymphotoxin beta R / TNFRSF3,3338.0,2780.11,4777.33,3220.28,295.15,2279.58,1083.62,236.62,1736.74,1167.7,1.13,684.51,1.13,1.1,10447.61,20341.72,55247.11
MAC-1,1945.5,1763.69,9737.68,4054.2,4335.62,9194.17,13336.02,10565.72,5954.8,1427.25,3861.17,1003.48,4495.67,1596.29,19839.74,27644.66,63131.99
MCP-1,18775.5,36526.97,23625.85,19476.95,14344.89,18073.53,24635.42,9796.43,15053.75,25124.66,11685.3,37857.68,39300.96,20574.33,38329.06,43133.42,51327.21
MCP-2,1513.25,1681.71,5402.42,2954.97,5323.36,1101.64,283.64,1.16,0.93,0.96,1.13,1140.99,5320.12,1.1,13115.15,16903.0,90936.01
MCP-3,4742.25,5510.36,14522.9,4852.45,10949.33,5846.41,5191.7,4613.46,1761.96,1714.72,2305.31,3796.69,7954.63,1022.8,34393.16,44429.94,90936.01
MCP-4 / CCL13,1544.0,2198.48,5043.68,3862.1,5308.18,1973.72,0.87,1.16,495.84,0.96,1.13,936.15,5555.51,1.1,28954.35,38496.27,127784.7
M-CSF,25763.75,27527.7,97947.5,35455.96,81817.35,45658.68,18666.16,136557.27,32410.39,20929.35,45227.36,22073.36,140741.37,75716.74,174236.99,206413.23,225939.31
M-CSF R,2195.0,3388.14,13937.28,4064.69,10343.84,4063.1,3499.01,2929.59,2117.67,1939.83,3173.19,2208.26,9175.08,1307.61,38221.84,48885.19,84621.42
MDC,3821.0,12272.7,19425.07,4035.55,20316.62,3911.6,6511.06,20047.24,2526.63,5849.84,11139.71,8868.37,12451.71,12454.05,110725.76,116908.37,148262.32
MFG-E8,11759.0,32990.52,15861.96,15990.2,16435.18,15761.38,27751.74,24348.98,19996.78,41866.89,16227.97,33091.72,27882.57,15258.05,70159.95,73263.21,106546.9
MFRP,5425.0,10248.1,5071.45,6410.02,1294.35,3356.95,7122.96,332.31,2373.42,7260.95,1032.54,4624.68,6033.36,67.34,49689.33,66039.97,91162.86
MICA,1310.75,323.24,6516.05,2341.37,5480.79,1847.14,1690.08,3140.11,1100.06,693.4,2316.59,343.69,1239.92,1.1,23603.01,38973.27,97144.31
MIF,2427.75,2145.87,14957.66,5028.47,13715.96,2662.39,1030.72,3390.07,2169.52,647.65,6911.71,388.72,19457.7,291.44,31812.32,44035.5,70116.61
MIG,18449.75,34262.57,22888.78,18422.96,7574.55,16641.77,21589.19,8361.06,13260.73,23955.99,10051.06,29647.99,42715.05,15293.65,54780.57,71839.16,92189.32
MIP-1a,3619.75,6580.65,24874.85,8054.32,31590.66,5000.56,3755.65,93104.91,4044.29,10378.12,30786.17,3270.23,27668.06,44961.65,75500.45,99100.83,141725.02
MIP-1b,3904.0,3258.42,11227.6,6005.3,15059.32,4155.58,2156.13,3665.54,2642.71,2502.26,4822.09,6440.92,14934.94,5189.33,21595.78,34395.39,63205.98
MIP-1d,764.25,0.85,3904.6,962.14,2403.56,1514.18,1334.17,779.74,400.08,0.96,1.13,0.88,1.13,1.1,10424.39,17560.66,62628.72
MIP 2,9889.5,16840.79,11139.59,9518.86,2789.81,11711.83,9582.33,4114.13,7612.59,9886.24,3387.76,17363.03,17559.01,4916.93,54307.98,62211.31,69925.44
MIP-3 alpha,6196.5,6674.46,18284.54,2775.69,5826.55,5011.27,4376.7,4233.02,1587.26,101.36,724.08,2418.41,5537.17,1586.08,22387.29,30122.03,103078.82
MIP-3 beta,429.25,0.85,2135.47,2991.34,4087.08,813.49,214.42,1.16,504.72,0.96,1.13,237.07,1236.82,1.1,13070.64,18174.99,58086.1
MMP-1,2454.5,1978.34,3747.89,4198.74,2312.99,5329.8,2379.47,1100.16,2450.49,1170.59,1222.86,2829.86,6482.7,2005.58,20250.01,28915.84,48203.9
MMP-2,8938.5,22844.25,15433.93,9738.94,9750.08,24812.14,27960.5,21325.15,10045.1,25756.67,12566.15,21426.6,21507.68,7041.45,34695.06,43539.7,66499.8
MMP-3,1083.5,1304.17,3875.66,1361.04,4737.85,1333.38,774.29,541.09,1044.0,61.15,76.41,1320.45,4178.98,625.66,26976.53,43078.65,81264.13
MMP-7,2374.0,7230.94,1597.22,2861.49,2296.2,2542.14,2860.77,4912.42,1330.58,4822.98,184.4,10785.48,9031.41,2722.03,8168.67,14933.69,39809.36
MMP-8,1410.0,1825.59,6287.13,2386.59,12451.18,1536.92,1501.56,2907.55,783.82,599.74,1.13,1068.15,5621.28,2062.98,48388.84,53234.18,51887.57
MMP-9,12176.25,12374.74,26175.02,10488.94,25578.44,12713.78,17349.63,7048.94,5875.15,6814.1,14274.55,2201.86,20842.7,4733.4,28211.21,43856.07,74370.4
MMP-10,4882.75,11797.76,8305.94,7848.46,5676.85,7538.76,12078.69,1709.39,5826.34,15306.07,4278.76,12369.94,15264.04,2571.34,31281.29,38543.28,47536.13
MMP-11 /Stromelysin-3,6116.25,11053.88,25218.09,12425.58,27678.59,9778.55,13250.69,17254.23,6960.5,9263.39,13726.7,14924.76,39873.65,12164.27,23695.13,29654.43,46784.22
MMP-12,929.25,21.13,2596.25,3071.08,5756.23,1428.04,924.06,3515.34,661.9,0.96,301.7,357.82,2512.87,1.1,17813.92,30086.87,60901.06
MMP-13,3747.75,5810.15,17595.71,1935.95,5932.84,1684.71,713.12,3361.65,720.76,0.96,1.13,481.65,1251.21,14.9,18260.19,23056.97,62061.59
MMP-14,4246.0,1441.29,13771.8,7698.32,12904.56,4544.95,620.61,2915.09,2256.64,697.49,2792.26,2208.04,11956.65,1028.59,18970.81,21090.94,45565.84
MMP-15,4323.75,5278.8,13901.03,5293.54,7624.36,5681.35,2204.24,1693.44,3359.03,2780.1,37.22,4225.59,5377.98,765.86,25842.86,29570.23,47168.81
MMP-16 / MT3-MMP,658.5,262.82,4234.4,2014.28,2928.06,2406.16,2000.93,1477.41,1087.91,0.96,1.13,353.84,1.13,1.1,11928.07,15509.2,74011.35
MMP-19,854.75,463.74,3818.35,1031.39,2765.3,1046.11,963.02,976.05,457.54,0.96,1.13,38.85,384.14,1.1,6253.55,8756.83,39068.72
MMP-20,10600.5,19195.19,24717.26,16165.28,24232.15,11104.5,9389.68,9728.28,8096.52,13583.41,10119.57,13392.18,24201.19,9601.48,24061.28,27871.92,43744.29
MMP-24 / MT5-MMP,6972.0,10899.23,372.19,4908.41,1.07,5974.74,3908.25,1.16,1404.62,6731.51,1.13,6772.46,1.13,179.39,53975.89,57265.98,77136.91
MMP-25 / MT6-MMP,2621.0,4360.2,11738.37,3705.67,8654.99,3521.79,3617.86,7115.34,2473.15,3150.63,3798.01,1878.48,4626.35,5339.74,34165.96,42831.77,91355.91
MSP alpha Chain,2515.5,3912.73,11543.94,4062.59,14718.09,4024.62,3621.78,6164.52,2015.14,621.65,1.13,5121.56,29190.23,4548.49,32436.24,43653.74,76209.61
Musk,14223.0,29440.96,25994.92,17845.72,24595.23,16047.99,22518.25,11706.47,14241.9,31346.96,18210.72,29536.74,27222.1,12170.34,43852.24,52844.24,82900.9
NAP-2,2573.5,3987.94,10996.63,3485.12,7834.27,5463.38,6347.37,7516.37,2214.36,2594.47,1554.73,2410.24,6173.92,1.1,32168.01,51032.3,85060.1
NCAM-1 / CD56,12051.0,20888.73,32613.3,12592.97,19405.86,11055.75,11874.51,10601.68,13652.64,17447.19,26422.55,11966.65,23561.61,5000.0,34474.05,60608.65,99309.14
Neuritin,1432.5,1981.08,6489.74,3330.55,10195.74,1338.84,1631.96,4908.36,646.96,1374.52,1470.71,1587.11,12536.39,8113.93,38595.73,57940.4,75262.78
NeuroD1,750.5,198.81,2811.14,2393.12,1.07,2325.05,1682.89,1.16,444.23,0.96,1.13,1085.59,1.13,1.1,19711.62,43030.42,78205.43
Neuropilin-2,3273.5,6449.88,1.17,5062.74,1.07,3567.48,3548.86,1.16,2661.39,5053.15,1.13,6275.8,1285.93,1.1,42054.79,59917.88,97412.48
Neurturin,3898.0,7637.64,15445.04,5473.52,13557.46,2968.02,2563.41,4050.33,3039.99,2503.94,5202.74,7081.06,12313.69,3969.75,23359.56,38353.62,54622.53
NGF R,1434.75,1002.48,7034.72,2805.77,5579.62,1659.78,1016.57,1330.1,878.41,65.01,653.02,1110.75,1723.98,102.67,22594.75,38412.48,70986.45
Nidgen-1,5993.75,10141.19,5612.92,7042.28,2303.4,6502.71,6412.02,495.85,4270.61,5593.42,638.08,9146.5,6355.41,706.52,37663.72,55400.49,116519.99
NOV / CCN3,870.0,178.73,4458.35,1712.84,3072.44,1431.76,366.36,329.41,447.73,0.96,1.13,0.88,1.13,1.1,7330.7,14218.81,37421.07
NrCAM,22205.5,76880.68,142347.42,31483.59,113498.85,51133.64,45618.58,160619.76,33138.85,45298.98,117594.58,45532.08,186669.83,84737.55,65134.51,80541.22,96633.15
NRG1 Isoform GGF2,578.5,419.79,4123.0,2521.11,2996.79,4092.62,1942.37,1878.44,696.0,0.96,1.13,242.59,880.62,1.1,11433.42,17373.86,14279.47
NRG2,5881.5,11962.34,4245.8,7909.54,3212.82,6506.86,6521.08,778.58,4212.45,7401.32,2155.59,9714.02,5939.66,696.03,70532.68,61090.96,128672.19
NRG3,20817.25,35855.98,29253.68,24981.72,21520.93,18569.59,27308.98,15317.79,18180.63,33381.9,17537.4,37113.79,38323.53,21090.42,83421.41,122052.35,142699.27
NT-3,1490.75,3233.28,9753.18,2561.21,4452.83,1884.53,1361.6,1636.31,4689.15,5281.88,13310.24,571.05,6274.4,958.49,26557.74,57978.0,76752.69
NT-4,2217.0,11211.49,25426.55,2937.02,7103.58,1896.99,1232.08,2366.46,14599.72,8317.67,10399.0,747.42,11552.47,1191.42,34467.47,51524.83,78377.44
Orexin A,599.5,575.92,6796.14,950.72,3977.6,821.37,1283.01,1.16,57.46,0.96,1.13,170.63,206.32,1.1,15585.29,35196.93,57810.43
Orexin B,9207.75,15644.37,17194.29,5865.42,8521.53,6679.14,8680.69,6156.4,3194.37,9390.75,1871.09,8866.38,9679.74,1550.2,60089.33,98045.47,156065.33
OSM,7063.75,22709.88,21732.75,11712.66,18722.59,18440.16,23405.95,34043.34,13934.54,23994.04,22484.68,19401.33,25218.41,14442.24,54068.4,50149.83,134394.11
Osteoactivin / GPNMB,4129.0,16493.88,12882.71,6955.56,19818.49,11705.27,14950.34,21850.58,4243.98,18101.1,14226.62,13787.74,7849.92,7994.7,2829.33,5370.01,6764.16
Osteocrin,3024.5,6487.06,1.17,3522.89,1.07,4031.18,4796.82,1960.5,2420.83,3894.59,1.13,7119.68,2425.37,1.1,8827.81,18797.09,25150.19
Osteoprotegerin / TNFRSF11B,20938.25,62529.72,114517.87,25008.06,129099.46,23057.69,51549.08,154691.85,39596.97,62642.64,97974.06,51140.37,201450.38,82482.21,64762.56,79221.4,119363.49
OX40 Ligand / TNFSF4,5404.75,8303.56,16371.85,8923.21,13963.43,8663.14,6004.52,17535.21,5489.55,5824.8,12409.1,4887.14,11531.58,10812.77,3337.91,3274.41,7277.95
PARC / CCL18,3303.25,2504.4,8503.88,2266.53,8426.97,3257.48,2359.66,3280.17,660.97,510.42,1.13,584.07,1642.69,1.1,2235.98,3863.4,7531.09
PD-ECGF,4218.25,5181.2,18630.41,3626.17,9358.77,8731.79,2918.23,6188.3,3115.2,2108.13,1987.26,2154.84,10604.67,2234.92,1354.67,4057.55,3222.08
PDGF R alpha,3196.0,2716.09,3506.98,4656.62,2757.31,4048.45,2029.66,2117.96,3100.72,2060.94,824.17,3502.45,7347.23,1659.77,161885.49,209618.57,349926.92
PDGF R beta,5391.0,7984.12,1786.09,6811.48,1826.84,5567.44,5286.61,1.16,4311.72,12132.09,3478.55,13093.74,7234.9,2700.78,3667.67,5322.6,8647.68
PDGF-AA,2266.25,2069.82,9005.58,1522.6,2997.05,1765.6,17.2,1.16,740.15,0.96,1.13,85.65,1.13,75.34,9852.71,19238.53,56021.93
PDGF-AB,4189.0,4543.79,13787.59,3940.43,10433.08,2550.01,1451.06,2090.99,1859.59,2064.55,1781.43,3683.68,7604.64,522.99,34079.65,57898.71,90418.84
PDGF-BB,656.5,147.04,4648.69,1487.4,2779.42,2666.98,1922.12,1498.58,10.28,0.96,1.13,438.83,3040.95,1.1,32139.37,58954.48,78035.29
PDGF-C,1247.5,2621.02,1.17,2584.52,354.82,3233.65,3252.59,182.1,1431.71,1726.04,1.13,2467.19,1.13,1.1,42395.78,70070.96,99897.67
PDGF-D,603.0,157.61,3569.25,1766.22,2900.62,2174.42,1695.95,861.8,486.03,0.96,1.13,779.43,1.13,1.1,20302.26,44208.81,104115.04
PECAM-1 /CD31,2235.25,3266.24,1.17,3193.24,1.07,1289.0,1791.3,1.16,778.92,753.11,1.13,3634.01,1618.98,1.1,6384.76,12289.97,18086.32
Pentraxin3 / TSG-14,734.5,438.81,3455.82,2456.07,2088.96,2233.45,2105.85,1245.43,375.56,0.96,1.13,435.52,1.13,1.1,15149.09,34385.58,68690.92
Persephin,2566.0,4302.73,3854.02,4554.97,3454.96,4560.47,4791.82,693.9,2267.15,3318.21,586.76,4525.13,2742.33,1.1,45492.94,73378.88,86589.83
PF4 / CXCL4,8072.25,12928.48,39457.98,11735.97,20561.69,15117.54,10778.7,34310.69,10529.5,7532.78,16582.12,5702.55,28988.98,6442.57,39941.89,59215.67,89462.62
PlGF,910.75,55.99,5878.1,3446.42,9438.15,1400.72,836.33,3292.93,1234.35,785.37,1481.99,2274.26,8477.64,340.84,17276.31,32587.13,59944.46
PLUNC,3602.5,6600.51,3861.04,3449.69,2224.28,3111.87,4424.81,624.6,2995.15,4082.39,1.13,5472.98,1603.18,1.1,45903.22,56551.91,141667.18
Pref-1,6546.5,8020.46,13017.78,4570.83,9786.57,3152.76,3965.28,3420.51,2883.98,4610.39,2895.46,7534.89,8674.09,2450.74,30366.3,34262.96,72113.56
Progranulin,2086.25,3369.34,9373.39,3399.79,7343.33,3754.41,2931.08,2817.08,2444.65,2178.91,1826.54,2106.94,2238.8,1.1,15029.88,18255.1,41349.61
Prolactin,4182.75,5042.6,16252.86,4382.45,8726.91,7145.02,4610.49,5452.35,4160.14,3223.59,8134.29,5739.19,12098.05,1992.05,27523.82,32172.67,58709.56
P-selectin,1825.5,4061.46,7936.09,3034.24,5164.86,5947.41,2697.72,3697.73,1977.3,2218.64,1672.31,1966.33,4670.66,1912.02,26652.18,30840.59,86667.57
RAGE,2639.75,943.75,10475.62,2558.88,11063.87,2888.44,880.74,1317.63,1186.01,298.55,1.13,679.43,2876.12,431.64,23666.49,29831.82,81036.91
RANK / TNFRSF11A,887.0,1797.7,4365.38,3737.84,3819.37,488.4,618.87,37.7,202.49,91.01,1.13,767.73,6716.41,143.24,32395.99,60781.95,76802.65
RANTES,797.75,465.01,2807.92,848.14,302.88,1087.87,744.69,733.63,335.16,0.96,1.13,0.88,1.13,1.1,30894.62,54064.74,99057.13
RELM beta,3623.0,4208.3,5687.48,4931.72,2408.88,1985.31,1541.62,459.03,778.22,19.26,1.13,765.74,1.13,1.1,44169.24,64353.11,122821.06
RELT / TNFRSF19L,8130.0,19515.05,14096.04,10739.09,29220.67,10579.8,14971.02,42231.58,11059.44,20638.51,18317.59,30132.95,25934.76,19806.81,39313.71,56944.71,86003.55
ROBO4,1295.75,3944.42,6418.11,2825.59,6885.68,2999.5,4271.34,2750.68,1664.57,2818.38,1287.15,3598.69,505.79,1.1,19814.96,36665.53,62770.31
S100 A8/A9,13238.0,19098.22,26819.7,25168.92,35748.34,15517.4,11953.31,7676.73,10526.0,12621.56,14885.28,11266.91,44652.97,8827.07,17167.16,26886.45,23281.31
S100A10,590.25,14.79,2439.24,1592.07,623.33,1647.76,1300.86,791.04,632.94,0.96,1.13,574.58,116.85,1.1,15171.15,30431.85,58361.78
SAA,5297.5,8705.4,9808.73,7563.8,7242.9,2824.17,3366.44,891.96,5733.85,7516.4,6297.6,7431.37,12296.76,2110.73,34624.61,68470.34,50198.97
SCF,3818.5,3412.23,8506.22,2868.71,3278.88,3122.37,1713.37,1721.28,1219.41,284.1,1.13,1062.41,163.14,1.1,11661.39,30723.28,22434.76
SCF R/CD117,4359.75,4912.88,13385.58,5326.18,11261.79,2332.27,2454.79,3593.34,2850.58,2354.19,1112.34,10456.36,13498.86,1264.28,32687.43,56637.34,67499.96
SDF-1 / CXCL12,11505.5,17871.79,31684.74,6565.52,20316.88,8271.59,7542.65,8732.52,5232.4,6076.88,9421.72,6280.88,11364.49,2663.24,34681.9,64381.31,69223.49
sFRP-1,723.25,164.37,7227.97,2051.58,4116.65,1657.82,1443.66,1275.88,1113.6,0.96,1.13,122.73,1.13,1.1,11775.19,28779.73,51882.31
sFRP-3,1556.0,2460.88,2685.13,3753.69,1.07,1411.21,1076.22,1.16,1390.84,1241.62,1.13,1904.53,1.13,1.1,39643.47,41817.28,101228.72
sFRP-4,954.25,924.1,4399.29,3564.15,2866.53,3495.12,1468.7,1304.88,826.33,462.99,1.13,638.82,1132.95,1.1,16803.34,29974.47,67818.83
sgp130,6480.5,10601.34,11112.4,12198.04,20391.47,9829.05,8896.41,4723.65,6798.64,10300.11,10531.8,13850.87,24163.93,3453.94,16502.99,23139.54,26798.22
SIGIRR,18036.75,65424.33,120670.22,20339.55,94143.87,25386.68,39882.46,220250.83,21575.86,68230.04,115528.09,33689.04,115016.6,125021.27,68345.47,86223.92,138431.2
Siglec-5/CD170,1655.25,2214.54,7105.18,6128.4,7486.11,1637.48,561.84,1282.84,1048.21,984.72,1.13,532.64,5374.87,93.28,25826.22,38542.05,48691.4
Siglec-9,10435.5,14831.19,24007.68,19167.59,26070.18,6469.92,8490.87,32906.06,14311.97,11560.51,18036.47,17755.06,24250.02,20036.43,55898.75,68997.61,106637.42
SLPI,3057.0,5215.63,9178.67,12733.78,16994.31,5132.82,6870.45,3196.95,1344.36,1373.08,1349.75,4280.33,20144.7,2632.06,47374.77,58273.11,81925.53
Smad 1,757.0,0.85,1.17,1732.19,5297.25,3127.4,1629.56,329.41,315.07,0.96,1.13,62.69,1.13,1.1,14961.76,57039.95,64013.1
Smad 4,6199.25,15080.91,9527.17,6373.89,1367.87,4255.93,4769.61,2905.23,3564.56,9670.28,620.03,2360.57,3429.89,900.26,29303.85,66243.52,77129.77
Smad 5,461.75,0.85,1052.53,1385.28,3638.77,1612.78,418.6,1.16,277.0,0.96,1.13,53.64,1034.73,1.1,22880.78,61800.12,58779.42
Smad 7,1762.5,1463.68,2062.38,2774.53,1530.63,5169.33,3751.3,837.44,1845.11,459.86,1.13,3023.67,1850.99,1.1,37754.29,80213.0,78839.78
Smad 8,1149.25,1242.27,2879.55,1700.25,1751.46,3595.03,1638.92,247.64,761.63,0.96,1.13,561.78,536.84,1.1,18030.67,40696.11,54025.36
Prdx6,7036.5,12746.16,4389.35,6960.68,4252.77,3710.03,8178.28,990.26,2053.91,8501.37,2186.32,17726.59,11088.45,2443.01,40253.08,51631.92,70442.24
Soggy-1,7269.75,10449.44,11234.61,4710.94,8124.36,4816.47,5005.36,2777.36,2259.67,2190.47,2074.95,5459.07,4393.78,176.63,36526.96,58528.57,78247.12
Sonic Hedgehog (Shh N-terminal),6055.75,6421.57,14153.05,2749.58,5399.54,4126.06,1520.94,1112.04,758.83,0.96,1.13,1022.46,7133.57,2434.45,28057.17,41675.04,73932.48
SPARC,2516.75,4818.45,14510.04,6090.63,7462.4,5799.62,3480.5,8479.08,3591.19,4731.97,2605.6,2798.96,9254.11,1746.98,27574.13,41537.7,80861.51
Spinesin,3226.5,4370.13,1656.57,5487.98,1.07,3629.14,3099.34,1.16,2042.7,3444.37,1.13,5584.89,2490.85,196.5,38002.77,47914.03,86020.83
TACI / TNFRSF13B,6667.25,6870.94,24580.73,5254.84,14061.46,3773.64,1151.75,3346.86,10217.7,2520.07,4253.1,4041.27,8374.9,763.37,28603.68,45520.45,78518.66
Tarc,1738.5,2763.63,5248.92,1625.41,3429.12,2013.95,1157.41,1107.69,228.89,0.96,1.13,1796.37,662.44,188.22,13809.51,32969.3,68819.37
TCCR / WSX-1,365.5,169.23,2627.53,1472.47,1815.92,1429.57,1441.92,1471.9,267.66,0.96,1.13,0.88,33.31,1.1,6684.33,19315.37,42768.92
TECK/ CCL25,561.0,0.85,779.17,2068.37,2164.61,283.99,0.87,1.16,0.93,0.96,1.13,61.59,1835.19,1.1,7263.36,29757.43,44774.13
TFPI,463.25,16.06,1922.04,1880.93,4579.36,424.35,341.54,1.16,119.35,0.96,1.13,553.61,2827.57,1.1,13021.87,34235.17,52616.57
TGF-alpha,518.0,136.69,2056.24,1733.59,1494.4,1692.58,1933.88,775.97,310.17,0.96,1.13,130.24,1.13,1.1,4650.78,15145.01,26182.28
TGF-beta 1,11532.75,22785.31,6847.02,13472.12,8567.08,10916.05,14841.07,5332.88,9982.51,15815.77,5302.84,24671.01,13907.84,4307.28,29718.77,44443.02,44624.65
TGF-beta 2,1257.0,490.99,2244.53,2060.44,3039.94,614.11,0.87,1.16,387.47,0.96,1.13,21.41,1726.24,1.1,2940.8,11249.73,13638.73
TGF-beta 3,1071.5,294.3,1.17,1466.88,1.07,897.88,935.16,1.16,797.6,0.96,1.13,0.88,606.27,1.1,3305.4,16458.29,10472.99
TGF-beta 5,4626.0,7227.56,40061.43,5282.82,31209.74,11463.7,3763.05,18903.3,3651.45,3788.18,12371.88,20385.82,13157.62,13473.54,13626.05,20198.66,15049.78
TGF-beta RI / ALK-5,239.0,0.85,2655.01,2168.15,2984.27,363.13,0.87,1.16,0.93,0.96,1.13,0.88,1305.97,1.1,5417.91,14883.82,124235.86
TGF-beta RII,1131.25,471.13,1791.35,2971.99,2488.8,2912.49,835.03,1.16,777.05,0.96,1.13,182.11,1539.95,1.1,8782.91,17888.06,21312.54
Grb2,917.0,844.87,3511.37,2968.73,3173.4,1221.88,918.61,1.16,919.05,0.96,1.13,76.15,1130.97,1.1,32259.74,46308.09,52703.32
TGF-beta RIII,553.0,346.06,3225.72,2225.03,2646.23,2179.01,481.08,922.11,596.51,0.96,1.13,117.87,1296.09,1.1,6792.71,14971.7,28607.01
Thrombopoietin (TPO),1114.0,2483.91,3327.76,4568.73,4998.64,1356.99,9.14,1.16,1158.45,202.24,1.13,1600.35,5773.97,1.1,8364.9,20826.89,14100.69
TPX,2582.75,3833.5,6429.22,7501.32,6903.53,2140.75,2865.12,1.16,1439.18,1870.49,1.13,3929.14,7916.81,547.0,15233.08,22266.06,39783.45
Thrombospondin-1,3025.75,15777.26,12467.83,1039.31,5799.38,1316.11,5507.33,6279.93,1325.68,8341.02,3730.62,8367.08,2062.4,2356.07,42604.79,214777.67,104919.15
Thrombospondin-2,445.75,560.71,2625.19,2005.19,2840.69,744.85,415.99,605.75,0.93,0.96,1.13,839.25,1457.25,1.1,25794.87,37751.55,54463.28
Thrombospondin-4,408.25,1442.55,2172.31,2459.33,3442.44,220.59,0.87,1.16,0.93,0.96,1.13,0.88,3992.42,1.1,5759.29,14586.26,27196.34
Thymopoietin,3050.0,1347.91,8958.22,5473.99,12128.6,2723.38,0.87,701.73,763.97,0.96,1.13,1508.08,17959.53,413.7,10368.65,23502.09,32417.62
Tie-1,1119.25,778.95,1.17,1979.08,1.07,977.68,1020.49,1.16,874.21,206.82,1.13,763.09,1283.67,1.1,3093.29,10106.07,14277.96
Tie-2,703.25,559.44,2917.56,2652.6,3712.29,1315.02,740.77,818.88,265.32,0.96,1.13,0.88,2271.82,1.1,17204.32,38134.54,35279.52
TIMP-1,6048.0,6566.71,9068.74,2195.19,5398.48,2344.29,1860.09,222.99,885.65,0.96,1.13,788.26,2569.88,1.1,6756.71,23990.94,65069.22
TIMP-2,97.5,0.85,1319.17,2325.51,4544.46,1206.58,717.48,1.16,198.06,0.96,1.13,0.88,2157.8,1.1,6488.87,16860.9,5674.6
TIMP-3,2244.0,3046.1,3004.98,2698.06,2221.35,3090.89,1736.23,258.66,1328.95,1298.92,1.13,13501.22,18780.31,3418.89,14368.03,31302.06,37657.3
TIMP-4,812.25,1103.04,5094.55,2795.98,1334.84,2123.48,1206.61,67.85,531.58,56.34,1.13,399.32,1091.74,1.1,12803.57,29254.68,40192.08
TL1A / TNFSF15,1966.25,2776.52,5338.09,3135.65,4470.41,637.94,188.29,1.16,284.01,0.96,1.13,0.88,1997.48,1.1,12878.66,28331.34,20057.73
TLR1,1.0,181.27,2230.49,2343.93,2247.99,942.48,102.09,1.16,76.14,0.96,1.13,0.88,643.25,1.1,11875.82,25020.55,34217.76
TLR2,187.0,0.85,2268.79,2743.99,3033.01,998.23,0.87,1.16,252.48,0.96,1.13,0.88,361.84,1.1,7254.46,15240.65,32040.54
TLR3,227.75,0.85,1220.35,1765.06,1041.02,1454.71,631.28,1.16,1212.63,0.96,1.13,0.88,59.84,1.1,6973.85,15273.76,43289.09
TLR4,1286.0,1805.31,8026.73,2457.47,3237.33,2416.65,1995.05,1.16,1030.93,86.19,1.13,694.66,1554.06,1.1,5175.23,14992.55,36834.41
TMEFF1 / Tomoregulin-1,1350.5,2708.28,7078.28,2390.79,5944.29,2244.6,1718.59,1841.32,1355.8,183.94,1.13,1194.85,1803.86,689.13,42429.84,59058.71,58582.99
TMEFF2,1767.75,5549.02,6269.0,2813.7,3137.44,2488.58,5397.19,3881.57,596.27,4557.42,428.3,986.26,1984.5,465.86,7003.26,28140.46,36936.19
TNF-alpha,11096.0,29413.92,10974.41,15304.79,7469.59,13683.37,21199.1,6424.05,13431.92,26337.63,10353.6,23305.08,17724.98,7260.86,62838.92,82137.75,90745.59
TNF-beta,9611.25,22081.14,9479.52,12149.08,4100.67,8694.62,14927.92,10880.34,9882.54,18540.74,9787.42,16998.37,15750.08,8588.07,52708.69,76013.21,80420.96
TNF RI / TNFRSF1A,393.25,1110.23,684.44,2646.07,3063.38,252.29,45.93,1.16,482.53,0.96,1.13,72.4,3403.64,1.1,7202.59,20586.96,24898.55
TNF RII / TNFRSF1B,10429.0,13781.38,28060.22,7173.07,26691.92,8623.57,9980.47,43671.58,9925.98,9871.31,14443.73,16647.18,12719.57,19079.87,64981.63,87485.69,152886.81
TRADD,7926.0,14605.76,29265.37,13670.52,31306.17,12207.01,9516.37,30643.7,11468.87,13903.87,19676.92,21085.34,20271.15,18344.38,17653.68,33598.35,30717.38
TRAIL / TNFSF10,4216.25,5520.07,3148.53,4246.77,3905.95,1325.29,2114.12,1.16,1374.96,873.49,1.13,2232.99,2568.47,1.1,5614.92,10798.07,13382.59
TRAIL R1 / DR4 / TNFRSF10A,1799.5,1582.42,7451.93,6666.7,8771.93,2114.3,1884.25,1758.68,1182.74,617.8,1.13,1258.21,4539.7,315.17,8413.28,22190.44,25205.77
TRAIL R2/ DR5 / TNFRSF10B,1951.0,1858.33,4737.27,3451.78,3813.25,1894.15,1156.76,425.1,1221.98,821.49,1.13,2038.52,2254.89,39.19,4024.15,13135.65,26844.8
TRAIL R3 / TNFRSF10C,1224.5,768.18,4119.5,4679.0,4786.87,1625.9,901.2,1.16,1478.89,658.01,382.62,946.08,8165.76,223.55,4099.62,14862.57,21488.31
TRAIL R4 / TNFRSF10D,230.5,0.85,3010.83,1763.89,2997.32,310.44,0.87,1.16,0.93,0.96,1.13,100.44,883.44,1.1,6626.28,18739.46,31005.82
TRANCE,1592.75,3169.48,9207.32,4219.96,6265.82,2086.75,1186.8,2394.88,1536.81,1457.58,1.13,13816.21,21646.83,6711.1,19007.97,26517.77,23425.91
TREM-1,1339.75,741.56,717.48,3358.53,222.96,1602.07,0.87,1.16,557.04,0.96,1.13,120.96,1.13,1.1,4125.55,8339.91,21960.78
TROY / TNFRSF19,733.75,367.82,3480.67,2330.41,3585.22,1611.47,1235.34,1.16,788.26,0.96,1.13,457.81,326.28,1.1,5026.99,11742.26,31486.94
TSG-6,858.0,925.79,239.16,2238.32,1560.73,757.75,287.77,1.16,0.93,0.96,1.13,504.61,592.72,1.1,3034.08,13585.67,20630.49
TSLP R,362.75,626.21,1403.38,1076.61,2994.39,483.16,71.83,1098.13,101.83,649.82,1.13,0.88,393.46,190.98,4163.1,13806.39,19192.4
TWEAK / TNFSF12,193.0,0.85,3190.34,1340.52,3825.5,314.38,633.45,585.16,0.93,0.96,1.13,0.88,777.31,1.1,4913.97,16267.0,21807.55
TWEAK R / TNFRSF12,214.75,0.85,429.2,734.14,218.97,1139.02,1132.81,391.75,59.79,0.96,1.13,118.32,59.27,1.1,6342.18,22788.43,27557.64
Ubiquitin+1,18977.5,121870.94,86908.48,23970.38,35230.5,39913.49,60152.72,109816.02,12498.63,148402.45,11220.35,19036.01,86134.59,20047.47,5526.28,64872.21,67306.54
uPA,1277.0,4004.0,5548.02,2800.87,8649.39,2110.15,2674.21,10600.23,2742.67,1812.95,2092.43,4090.5,4304.58,7763.7,69615.76,91723.91,101068.72
uPAR,584.5,374.37,4538.75,1671.34,4195.77,792.29,640.42,732.18,387.47,0.96,1.13,865.07,4613.08,1678.53,9083.65,31253.01,17987.92
Vasorin,2328.0,3993.65,1.17,2327.38,1.07,1766.25,2018.99,1.16,1379.86,1759.5,1.13,2857.23,1.13,1.1,12061.99,29551.84,68663.12
VCAM-1 (CD106),998.5,1405.16,1.17,3456.68,1808.99,563.61,13.93,1.16,368.09,0.96,1.13,650.51,3439.21,1.1,8463.21,23630.84,21409.81
VE-Cadherin,1790.5,1804.88,8122.33,2081.19,5348.93,16656.86,19335.31,9865.15,1106.6,332.01,1.13,734.4,568.73,1.1,10719.7,24772.45,36023.92
VEGF,1974.5,3046.94,2167.63,1727.99,964.83,1390.88,1886.43,1.16,1044.94,700.14,1.13,4064.45,4554.66,27.05,36521.93,45505.74,35650.59
VEGF R2(KDR),906.5,1157.55,1270.35,1688.82,1305.27,1229.97,0.87,1.16,1116.87,441.56,1.13,299.98,1.13,26.22,4128.26,10934.18,19933.41
VEGF R3,14621.0,18475.81,26791.63,2917.44,3460.82,2538.65,1308.26,169.92,974.87,143.25,1.13,1075.21,1317.54,1.1,4815.66,10987.32,27789.75
VEGF-B,144.75,0.85,2904.11,1584.38,3888.1,707.46,25.47,1.16,0.93,0.96,1.13,0.88,295.52,1.1,6589.89,13002.81,25674.12
VEGF-C,1260.75,1055.51,8760.29,4932.88,11723.16,1811.94,1386.19,1936.73,1730.2,301.92,1.13,1581.37,5651.76,991.33,5396.62,11492.52,21701.63
VEGF-D,600.25,296.2,4003.72,2525.54,5863.31,496.71,0.87,401.61,0.93,0.96,1.13,98.01,3066.36,1.1,4307.47,23844.2,24622.88
VEGI / TNFSF15,1.0,0.85,2904.7,1032.08,4038.87,446.43,0.87,1.16,0.93,0.96,1.13,0.88,1.13,1.1,3345.26,11158.17,15820.46
WIF-1,200.75,0.85,2832.19,1334.93,4578.82,0.87,0.87,1.16,0.93,0.96,1.13,0.88,1.13,1.1,2486.79,9038.45,15938.02
WISP-1 / CCN4,199.5,143.45,1794.28,980.56,1612.4,1108.42,1184.84,584.29,160.92,197.43,1.13,338.61,997.75,1.1,5301.79,18562.48,41242.94
XEDAR,493.75,43.31,1329.41,975.43,1742.13,451.24,446.68,320.71,0.93,0.96,1.13,132.88,1.13,1.1,14430.73,75893.45,31148.92
